UserID,Age,Gender,CityTier,Tenure,AvgSessionDuration,PageViewsPerSession,BounceRate,TotalTransactions,AvgOrderValue,DaysSinceLastPurchase,HighValuePurchase
10001,22,Male,3,40,7.65,2,38.78,108,498.91,54,0
10002,59,Male,2,26,13.73,15,5.8,104,140.91,182,0
10003,52,Male,1,62,9.37,11,46.67,25,67.83,186,0
10004,41,Male,3,80,5.2,9,62.32,20,464.93,228,0
10005,40,Female,1,31,10.65,23,58.89,19,118.1,236,0
10006,63,Male,3,92,17.1,19,47.71,95,227.19,310,0
10007,22,Female,2,77,13.64,15,23.75,28,337.34,194,0
10008,54,Male,1,20,19.87,23,33.38,54,253.29,256,1
10009,28,Female,1,113,12.51,4,69.04,94,31.54,329,0
10010,22,Male,3,5,21.59,17,20.46,51,301.02,37,1
10011,45,Female,1,79,12.51,5,24.36,7,161.79,235,0
10012,69,Female,3,53,11.89,7,54.67,43,135.39,134,0
10013,56,Male,3,79,6.68,6,34.75,11,160.73,331,0
10014,58,Female,2,93,16.24,15,23.86,46,49.85,202,0
10015,56,Male,1,83,9.79,17,63.16,88,203.3,220,0
10016,59,Male,2,78,9.21,20,47.69,62,60.37,276,0
10017,45,Female,3,101,16.92,12,35.46,80,140.03,88,0
10018,24,Female,1,84,16.43,24,24.39,12,197.68,198,0
10019,62,Male,2,98,16.33,10,70.69,90,404.45,282,0
10020,41,Male,1,48,10.35,5,40.65,51,92.34,284,0
10021,44,Female,2,24,11.6,2,61.26,34,542.95,83,0
10022,37,Female,3,28,11.56,5,53.96,78,366.26,306,0
10023,27,Female,2,74,14.93,12,33.45,16,125.19,59,0
10024,67,Female,2,64,18.01,11,33.56,59,73.7,97,0
10025,59,Female,1,9,13.27,22,61.97,50,56.75,313,0
10026,52,Male,1,24,19.7,5,62.21,19,216.32,225,0
10027,39,Female,1,117,15.39,8,13.78,114,98.47,198,0
10028,61,Male,3,87,10.86,25,48.97,43,445.98,203,0
10029,46,Female,2,91,15.11,2,39.24,4,103.0,354,0
10030,41,Male,2,23,18.62,12,26.02,53,86.68,83,0
10031,41,Female,3,7,19.79,6,44.8,115,209.98,109,0
10032,30,Female,1,35,16.55,14,21.43,80,102.48,179,0
10033,22,Male,1,103,11.9,25,34.24,76,176.17,309,0
10034,47,Female,1,61,10.93,7,29.42,108,377.61,200,1
10035,65,Male,3,94,14.1,10,33.75,10,191.76,265,0
10036,21,Female,2,58,18.5,12,39.96,66,192.32,299,0
10037,63,Male,2,59,13.54,21,26.27,38,205.37,326,0
10038,61,Male,1,72,13.62,25,63.81,81,46.72,168,1
10039,32,Male,1,116,12.01,4,48.15,102,237.56,167,0
10040,51,Male,2,52,10.49,13,67.02,9,198.25,29,0
10041,26,Male,2,72,11.15,20,38.68,18,351.16,29,1
10042,58,Female,3,111,12.34,2,33.04,114,280.71,178,0
10043,55,Female,3,45,18.67,21,66.5,59,149.5,274,0
10044,36,Female,2,101,10.84,7,32.62,37,391.53,306,0
10045,21,Male,3,64,12.01,14,38.41,18,139.29,149,0
10046,69,Male,3,106,8.34,25,51.44,42,212.21,209,0
10047,41,Male,2,56,14.67,17,23.05,0,137.29,297,0
10048,65,Female,2,76,17.27,25,51.31,26,250.88,116,0
10049,53,Female,3,39,18.3,16,49.46,21,130.47,58,1
10050,59,Male,1,76,12.61,7,59.41,10,632.62,337,0
10051,58,Female,3,39,14.1,18,53.91,116,844.15,199,1
10052,28,Male,1,73,11.19,16,59.85,94,346.01,56,0
10053,37,Male,2,95,13.91,9,39.4,112,582.31,92,1
10054,42,Male,3,52,13.06,3,28.49,28,52.68,119,0
10055,44,Male,2,51,12.03,17,71.59,34,57.75,73,0
10056,20,Female,2,38,12.35,15,18.86,33,136.18,159,0
10057,46,Female,2,88,13.61,20,20.32,67,180.72,297,0
10058,26,Male,1,71,10.62,5,49.19,21,149.93,270,0
10059,57,Female,1,62,10.83,14,64.56,28,48.61,335,0
10060,54,Female,1,3,18.63,21,43.75,116,429.67,305,1
10061,66,Female,2,13,22.64,23,55.49,42,939.23,113,1
10062,57,Female,2,0,6.98,24,12.06,93,475.3,21,1
10063,37,Male,1,102,6.76,7,33.76,27,408.09,55,0
10064,69,Female,3,103,7.97,6,13.83,111,208.75,289,0
10065,39,Male,2,8,11.39,15,52.32,83,90.67,124,0
10066,35,Female,2,5,15.38,13,18.57,103,185.19,263,0
10067,65,Male,2,94,14.17,7,22.47,61,904.29,167,1
10068,37,Female,1,63,12.49,4,48.45,108,132.98,327,0
10069,22,Male,2,37,13.92,5,56.4,43,122.72,185,0
10070,42,Male,2,74,9.03,10,38.69,57,415.08,329,0
10071,60,Female,1,28,10.82,19,49.27,7,437.14,91,0
10072,28,Female,3,23,11.72,3,48.8,20,90.33,284,0
10073,42,Male,3,44,5.46,4,37.88,92,142.71,191,0
10074,24,Female,2,108,7.15,8,25.13,39,118.31,69,0
10075,54,Female,3,92,7.31,22,49.19,12,184.78,85,0
10076,43,Male,3,23,14.86,25,49.89,35,413.92,114,0
10077,35,Female,2,67,12.78,12,53.96,42,93.47,56,0
10078,30,Male,2,107,14.24,3,45.52,86,409.41,342,0
10079,47,Female,2,115,4.44,2,24.06,10,189.44,77,0
10080,53,Male,1,92,5.87,22,51.01,3,1074.08,218,1
10081,67,Male,1,15,14.45,12,40.98,86,224.41,208,0
10082,41,Female,1,29,0.69,3,34.0,17,162.26,197,0
10083,26,Female,2,26,16.7,22,36.73,50,273.98,229,0
10084,62,Female,3,18,4.51,14,30.99,81,134.53,335,0
10085,51,Female,3,21,15.17,10,53.89,61,43.14,354,0
10086,55,Female,1,38,8.25,12,20.44,14,145.06,319,0
10087,23,Female,1,67,16.0,7,26.59,86,143.29,168,0
10088,34,Female,2,48,24.63,24,36.23,5,50.54,266,0
10089,58,Male,2,50,2.71,20,64.4,27,165.31,68,0
10090,62,Male,3,29,14.58,6,56.29,13,34.9,322,0
10091,41,Male,3,18,4.57,19,17.21,61,133.43,71,0
10092,60,Female,3,120,13.51,6,60.59,82,211.62,41,0
10093,62,Male,3,72,10.97,12,60.57,77,188.75,303,0
10094,38,Male,3,27,12.32,19,23.98,16,127.0,277,0
10095,65,Female,2,98,8.15,2,4.44,41,163.71,50,0
10096,33,Male,1,100,14.92,19,39.95,17,94.94,353,0
10097,30,Male,1,116,6.01,7,57.28,41,176.48,40,0
10098,54,Female,2,19,16.77,18,64.07,27,183.11,17,0
10099,51,Female,1,77,10.16,13,28.37,88,86.71,349,0
10100,25,Male,1,118,6.19,2,66.4,90,215.64,81,0
10101,62,Male,3,97,18.18,20,8.69,98,214.59,85,1
10102,28,Male,1,27,11.53,8,35.66,24,153.72,290,0
10103,60,Female,3,108,19.43,24,34.95,1,1156.56,222,1
10104,18,Female,3,51,16.69,22,57.71,4,156.81,190,0
10105,60,Male,2,59,8.61,6,59.83,101,140.75,361,0
10106,59,Female,2,67,11.46,16,54.84,108,125.88,31,1
10107,59,Male,2,93,12.28,10,21.42,25,82.06,338,0
10108,53,Male,2,14,17.91,16,53.51,105,298.8,98,1
10109,42,Female,1,65,13.55,15,48.38,63,102.46,227,0
10110,55,Male,3,98,12.51,9,16.77,22,112.37,118,0
10111,32,Male,1,66,11.0,17,11.03,37,115.0,107,0
10112,59,Male,1,33,11.6,8,56.05,31,81.17,117,0
10113,47,Female,2,6,17.02,23,38.39,91,44.65,204,0
10114,42,Female,2,66,11.81,24,22.36,22,121.96,321,0
10115,44,Female,2,85,10.22,5,37.98,21,345.84,41,0
10116,48,Male,2,66,9.54,19,46.28,86,204.06,242,0
10117,19,Male,1,118,9.58,24,39.8,36,591.13,314,0
10118,25,Female,2,72,6.19,5,18.5,30,314.36,268,0
10119,31,Male,1,61,8.8,19,68.34,96,263.35,358,0
10120,24,Female,1,6,17.79,24,55.56,111,759.95,4,1
10121,41,Female,1,67,10.97,7,36.14,66,162.23,132,0
10122,53,Male,2,20,14.62,15,36.72,99,183.83,156,0
10123,52,Female,2,87,1.88,21,46.21,100,173.44,196,0
10124,42,Male,2,19,14.07,10,24.62,70,583.44,116,0
10125,63,Male,1,109,11.15,7,45.68,99,175.34,92,1
10126,47,Female,1,36,9.87,11,21.7,1,105.54,311,0
10127,22,Male,2,52,12.52,10,39.98,4,276.77,85,0
10128,58,Female,1,17,9.82,19,24.06,106,92.58,349,0
10129,48,Female,2,25,3.3,10,24.79,16,265.31,13,0
10130,51,Female,3,111,15.49,11,64.86,87,241.67,154,1
10131,47,Female,2,34,12.77,24,41.86,50,150.97,223,0
10132,47,Male,3,62,10.54,15,44.01,94,272.09,356,0
10133,22,Male,1,118,7.94,24,11.83,79,54.83,279,0
10134,47,Female,1,75,5.92,19,32.34,8,198.72,5,0
10135,60,Female,2,5,12.7,23,47.69,40,121.98,273,0
10136,34,Male,3,43,18.25,6,43.81,85,1631.66,119,1
10137,49,Male,3,46,12.61,24,9.77,110,197.62,314,1
10138,19,Male,1,33,6.27,24,44.0,96,109.9,283,0
10139,36,Male,3,29,12.7,2,46.32,107,59.72,70,0
10140,41,Female,2,60,11.59,10,59.61,114,484.44,131,0
10141,70,Male,1,45,15.26,11,31.5,107,133.19,300,0
10142,29,Female,1,35,14.23,12,8.49,69,94.4,337,0
10143,32,Female,3,49,0.5,20,26.55,40,227.49,220,0
10144,39,Female,1,41,13.98,18,25.09,60,290.49,79,0
10145,70,Male,3,27,7.79,7,51.68,95,286.94,142,0
10146,63,Male,2,54,6.11,16,3.0,51,177.72,291,0
10147,19,Female,2,114,11.05,25,34.5,99,198.14,219,0
10148,30,Female,2,61,13.44,12,61.67,84,209.72,73,0
10149,61,Male,3,72,5.24,24,41.1,25,227.51,104,0
10150,21,Female,1,119,14.62,17,54.0,110,243.76,72,0
10151,63,Male,1,74,14.85,24,17.19,101,410.94,171,1
10152,32,Female,2,27,11.99,23,17.77,71,182.87,163,0
10153,66,Male,2,48,8.33,2,61.84,23,92.54,198,0
10154,33,Male,1,59,7.88,21,42.47,27,156.37,345,0
10155,41,Female,1,57,15.9,6,42.5,100,315.05,238,0
10156,53,Male,2,18,5.76,21,24.79,2,43.44,214,0
10157,24,Male,1,12,16.06,21,42.46,58,43.63,134,0
10158,47,Male,1,42,11.14,8,24.38,74,358.18,232,0
10159,44,Male,3,110,11.42,3,58.21,27,572.77,349,0
10160,59,Female,1,86,4.97,12,80.55,103,65.23,3,0
10161,70,Male,3,101,11.21,9,48.02,62,189.26,128,0
10162,53,Female,3,21,14.25,15,31.79,7,128.14,20,0
10163,39,Female,1,50,6.45,3,4.26,38,142.78,74,0
10164,39,Male,2,70,13.79,3,16.58,47,222.09,24,0
10165,40,Male,2,52,12.16,12,63.55,26,63.84,216,0
10166,61,Female,2,50,9.22,20,26.08,112,73.79,299,0
10167,35,Female,1,43,15.22,9,35.62,43,138.35,344,0
10168,26,Female,1,6,2.99,9,50.5,60,156.24,86,0
10169,35,Female,1,103,13.19,5,62.49,64,72.71,255,0
10170,19,Male,2,112,18.28,8,38.11,26,323.99,120,0
10171,23,Male,3,9,17.56,9,35.13,68,126.35,115,0
10172,22,Female,2,50,13.36,8,42.04,42,125.94,223,0
10173,58,Male,2,62,10.59,10,31.9,1,218.17,248,0
10174,56,Female,3,94,9.26,8,32.68,48,158.26,213,0
10175,54,Male,2,119,10.59,18,46.97,70,336.3,36,0
10176,42,Female,1,50,13.98,10,43.69,14,84.5,150,0
10177,56,Male,3,90,8.57,20,71.91,93,58.84,104,0
10178,26,Male,2,113,14.83,16,47.36,79,137.44,1,0
10179,65,Male,1,100,20.33,17,57.69,37,183.42,14,0
10180,44,Male,2,35,11.55,16,25.47,71,66.49,164,0
10181,67,Female,3,98,6.42,24,48.61,36,59.28,36,0
10182,26,Male,1,49,6.42,8,30.52,77,201.74,270,0
10183,44,Male,2,2,14.91,25,46.73,18,96.9,20,0
10184,54,Male,1,91,11.56,6,50.98,73,56.36,86,0
10185,44,Male,1,101,15.31,5,41.72,6,371.58,360,0
10186,41,Female,1,41,9.67,21,75.91,2,106.91,259,0
10187,26,Male,2,54,15.12,23,61.71,30,429.08,204,0
10188,38,Female,3,44,11.17,4,58.07,20,178.93,5,0
10189,30,Male,1,14,8.87,16,52.08,58,220.24,15,0
10190,33,Female,1,120,10.2,14,66.57,19,148.39,332,0
10191,54,Male,1,2,7.01,7,20.16,29,22.06,292,0
10192,51,Male,1,67,19.76,14,60.87,11,72.1,347,0
10193,50,Female,2,1,11.41,18,26.63,106,158.66,295,1
10194,37,Female,2,83,14.38,15,32.82,88,232.59,0,0
10195,68,Female,2,109,9.65,14,49.14,26,43.33,294,0
10196,22,Male,2,77,7.59,23,58.88,14,167.83,167,0
10197,36,Male,2,73,10.86,7,24.27,102,72.92,253,0
10198,24,Female,1,100,16.2,16,33.57,80,210.14,151,1
10199,35,Male,1,117,9.72,9,42.41,106,172.37,263,0
10200,68,Female,3,104,8.32,25,38.3,21,312.54,308,0
10201,37,Female,3,28,12.42,8,53.38,43,402.18,356,0
10202,66,Female,3,68,13.8,22,90.82,14,250.33,197,0
10203,44,Female,3,99,18.37,17,47.08,50,342.37,102,0
10204,55,Female,2,35,13.22,7,30.34,19,133.16,223,0
10205,42,Male,3,81,14.38,20,22.2,0,1582.59,182,1
10206,32,Male,2,2,14.68,7,36.28,61,67.63,74,0
10207,58,Female,1,106,7.19,8,27.37,117,115.95,265,0
10208,69,Male,1,74,7.95,10,47.78,77,353.49,28,1
10209,31,Male,1,89,7.46,18,47.55,90,314.79,147,0
10210,59,Male,1,99,6.47,11,34.28,97,255.94,253,0
10211,31,Female,2,26,14.98,15,69.78,116,296.35,337,0
10212,55,Female,2,54,12.96,15,30.34,15,34.45,227,0
10213,59,Female,3,103,12.12,6,39.27,30,604.52,358,0
10214,41,Male,2,19,1.43,7,50.27,73,149.27,304,0
10215,57,Male,1,99,20.02,9,53.93,98,462.47,86,1
10216,32,Female,3,34,8.22,7,59.52,92,35.82,309,0
10217,22,Male,2,69,20.01,24,47.21,87,213.77,123,1
10218,23,Female,1,61,6.0,11,56.24,37,112.76,230,0
10219,41,Female,1,83,8.55,11,31.36,43,273.43,73,0
10220,65,Male,2,101,2.99,18,54.31,9,224.1,197,0
10221,24,Male,1,42,13.25,20,54.12,37,232.83,248,0
10222,42,Male,3,20,7.39,18,62.94,18,76.62,334,0
10223,55,Female,3,51,7.51,15,16.81,112,167.39,345,0
10224,28,Female,2,74,6.31,25,27.85,10,152.06,293,0
10225,56,Male,1,90,14.91,23,52.94,43,257.53,204,0
10226,34,Female,3,91,14.65,6,3.0,106,378.58,322,0
10227,60,Male,2,41,19.05,5,48.13,114,196.79,38,0
10228,48,Male,1,113,9.06,11,56.37,45,64.67,364,0
10229,46,Female,2,10,12.68,22,32.64,55,190.32,74,0
10230,27,Male,2,14,6.64,25,34.76,62,1341.34,147,1
10231,42,Male,2,2,10.46,18,25.43,98,631.86,332,1
10232,63,Female,1,112,9.72,18,33.44,92,17.2,262,0
10233,19,Male,2,21,13.66,7,33.86,62,183.86,311,0
10234,58,Female,1,72,15.87,16,31.1,44,362.07,251,0
10235,44,Male,1,98,15.76,6,30.3,44,151.8,219,0
10236,56,Male,1,92,8.43,14,37.07,77,122.23,63,0
10237,53,Male,3,114,15.79,6,36.89,100,142.1,364,0
10238,40,Male,1,6,11.62,3,68.17,9,269.21,232,0
10239,34,Male,2,49,10.5,25,35.28,92,71.45,244,0
10240,51,Male,2,61,8.97,23,45.99,57,442.29,156,1
10241,25,Female,3,84,9.56,18,32.64,17,167.52,348,0
10242,48,Male,2,75,18.77,17,32.45,11,84.39,164,0
10243,23,Male,3,67,13.03,7,16.29,40,420.64,69,1
10244,52,Male,1,37,12.5,15,18.22,29,52.44,65,0
10245,51,Male,1,12,10.75,19,23.5,12,113.49,255,0
10246,22,Male,2,52,21.58,14,43.66,35,112.04,272,0
10247,58,Female,2,31,17.02,8,56.6,100,931.75,75,1
10248,40,Male,3,67,8.92,11,15.09,86,102.56,255,0
10249,59,Female,3,96,10.71,22,33.04,25,32.59,365,0
10250,20,Female,2,66,10.94,8,21.18,80,111.16,194,0
10251,27,Male,3,70,12.38,25,37.17,54,249.66,355,0
10252,44,Male,2,5,9.0,20,56.6,89,322.59,57,0
10253,27,Male,1,78,13.56,23,34.52,29,1033.27,147,1
10254,35,Female,2,53,17.61,14,40.31,7,524.35,203,0
10255,53,Male,1,14,6.55,7,62.1,37,202.63,131,0
10256,25,Female,3,25,7.29,2,47.64,119,87.31,36,0
10257,53,Female,1,94,9.87,14,29.98,66,621.12,167,1
10258,23,Female,1,110,10.05,11,43.3,6,131.28,124,0
10259,27,Female,2,61,19.79,4,29.0,117,104.73,74,1
10260,49,Female,1,118,15.81,24,47.1,99,126.4,136,0
10261,60,Male,1,21,15.58,25,48.47,65,65.89,152,0
10262,27,Male,2,36,10.74,10,21.18,88,121.76,323,0
10263,33,Male,1,112,10.65,18,43.54,22,145.91,179,0
10264,67,Female,2,21,5.99,11,39.3,71,309.42,152,0
10265,70,Female,2,79,14.93,13,48.9,109,129.29,142,0
10266,48,Female,1,26,13.76,16,53.05,52,65.12,219,0
10267,41,Male,1,40,16.94,11,47.92,4,50.09,100,0
10268,36,Female,3,57,10.96,21,36.6,90,206.08,320,0
10269,50,Male,3,43,11.23,6,54.53,87,185.2,153,0
10270,49,Male,1,105,12.48,18,28.34,88,113.57,155,1
10271,33,Female,3,117,15.37,25,21.85,77,121.53,23,1
10272,19,Male,2,60,5.92,22,3.0,16,236.94,323,0
10273,26,Male,2,63,14.74,3,39.98,13,517.71,172,0
10274,68,Female,2,6,11.72,4,29.09,95,95.23,49,0
10275,40,Male,2,28,7.57,17,46.77,102,187.57,62,1
10276,43,Male,3,4,3.46,24,12.42,9,369.53,133,0
10277,42,Male,2,103,11.25,22,31.62,69,95.53,285,0
10278,59,Male,2,27,17.59,23,47.82,60,172.88,34,1
10279,21,Female,2,41,18.5,5,26.07,42,169.89,44,0
10280,22,Female,1,101,13.22,14,46.93,77,62.93,205,0
10281,32,Male,2,86,19.65,19,32.92,109,199.58,182,1
10282,43,Male,1,75,11.63,16,40.52,98,179.36,350,0
10283,53,Male,1,4,15.61,20,49.63,18,269.82,275,0
10284,44,Female,1,68,10.0,7,54.82,55,69.34,240,0
10285,41,Female,1,67,9.74,12,42.34,112,176.37,122,0
10286,67,Female,2,38,9.09,12,29.2,28,514.16,229,0
10287,26,Male,2,90,3.56,24,34.36,102,884.69,213,1
10288,48,Male,2,112,16.95,6,50.24,58,474.99,101,1
10289,46,Male,1,31,9.23,9,26.19,62,69.87,135,0
10290,43,Female,2,40,8.59,2,38.42,30,248.79,340,0
10291,60,Male,2,39,7.08,5,35.4,110,120.05,196,0
10292,32,Female,2,101,10.98,25,39.5,63,218.38,172,0
10293,68,Female,2,9,18.85,22,26.37,68,95.82,291,0
10294,35,Male,2,108,20.18,8,14.15,55,45.98,97,0
10295,46,Male,2,93,5.16,18,48.55,10,133.76,80,0
10296,45,Male,3,58,10.38,16,54.98,93,307.48,361,0
10297,63,Male,3,70,7.66,23,15.01,39,219.08,293,0
10298,41,Male,2,108,15.75,9,46.35,28,239.63,154,0
10299,33,Female,2,93,12.95,25,56.71,93,207.17,346,0
10300,19,Male,1,33,9.25,10,49.64,23,239.92,135,0
10301,37,Male,3,6,12.09,19,34.96,81,264.49,247,0
10302,61,Female,1,79,9.89,11,27.32,56,141.25,12,0
10303,18,Female,1,17,18.26,18,42.17,95,186.69,255,0
10304,65,Male,3,10,13.99,10,44.59,6,681.66,65,0
10305,46,Female,2,118,14.48,22,42.39,92,195.5,88,1
10306,25,Female,1,57,1.13,17,38.39,27,180.91,296,0
10307,34,Female,1,78,11.53,8,25.3,104,189.62,75,1
10308,47,Female,1,26,20.13,25,47.13,42,147.65,176,0
10309,34,Male,2,12,17.1,19,47.83,0,124.61,336,0
10310,23,Female,1,7,4.41,12,43.91,58,205.93,349,0
10311,53,Male,3,42,10.55,5,42.61,6,117.96,162,0
10312,53,Female,3,0,6.99,25,65.35,32,156.22,30,0
10313,24,Female,2,50,18.64,20,31.95,86,94.46,105,1
10314,32,Male,2,39,12.78,18,59.58,67,190.38,225,0
10315,30,Male,1,63,8.73,21,30.36,85,276.02,123,1
10316,52,Female,1,71,11.94,16,57.08,105,148.34,263,0
10317,56,Female,2,37,1.37,7,58.88,56,36.53,363,0
10318,56,Male,1,55,7.46,7,36.75,65,277.35,227,0
10319,67,Female,1,9,11.95,3,65.08,6,192.2,228,0
10320,58,Female,1,36,15.18,3,47.8,34,80.65,193,0
10321,34,Male,1,118,4.03,19,28.28,86,319.88,68,1
10322,23,Male,2,119,10.28,22,35.57,7,58.79,211,0
10323,50,Male,2,58,15.84,5,57.43,43,395.52,341,0
10324,66,Female,3,113,5.99,15,54.38,16,167.34,252,0
10325,69,Male,2,60,12.72,4,25.66,102,29.82,275,0
10326,30,Female,3,15,12.06,11,38.98,67,201.12,315,0
10327,30,Male,2,105,18.66,20,43.95,77,127.48,141,0
10328,19,Female,3,50,10.88,21,33.64,82,113.35,123,0
10329,25,Male,2,74,11.11,24,75.19,26,98.43,354,0
10330,47,Male,1,78,15.22,9,44.39,5,158.47,168,0
10331,46,Female,3,37,6.49,24,40.1,47,119.86,268,0
10332,37,Male,1,88,10.92,20,58.27,22,41.12,232,0
10333,34,Female,1,60,9.98,10,35.7,38,472.01,45,0
10334,61,Female,1,44,11.24,9,55.61,38,144.63,115,0
10335,42,Female,2,36,15.19,4,16.82,93,98.88,119,0
10336,60,Female,2,90,14.02,24,34.42,38,72.57,65,0
10337,69,Male,2,30,8.81,6,56.21,18,319.24,285,0
10338,34,Female,3,15,12.35,8,63.77,115,63.56,353,0
10339,28,Female,1,106,17.76,11,29.79,5,194.28,353,0
10340,68,Male,2,40,8.47,5,28.1,24,111.0,71,0
10341,51,Male,2,77,12.38,21,49.23,41,116.16,164,0
10342,33,Female,3,86,11.03,18,31.97,7,74.0,85,0
10343,50,Male,1,101,11.55,5,37.11,107,107.87,22,0
10344,45,Female,1,75,5.28,5,53.71,42,176.21,226,0
10345,65,Female,2,85,17.44,2,33.11,93,210.26,314,0
10346,31,Female,2,101,8.7,24,12.5,16,94.82,28,0
10347,70,Male,3,114,15.9,12,22.13,62,163.02,234,0
10348,67,Male,2,5,9.31,17,41.14,15,349.95,12,0
10349,27,Male,3,89,9.3,5,13.98,27,47.84,308,0
10350,26,Male,2,21,16.65,7,36.69,48,174.15,23,0
10351,46,Female,1,107,15.78,14,20.81,103,83.36,159,1
10352,20,Female,1,5,12.63,7,64.78,36,76.99,45,0
10353,33,Male,1,29,14.84,16,72.39,90,214.51,150,0
10354,41,Male,2,23,10.65,24,25.66,11,114.38,157,0
10355,69,Female,2,73,11.77,9,44.72,30,67.74,197,0
10356,70,Male,2,0,9.15,16,27.07,72,491.63,303,0
10357,26,Female,2,2,15.42,23,36.51,56,358.69,364,0
10358,65,Male,2,61,9.03,23,67.15,60,38.77,125,0
10359,22,Female,2,117,17.74,2,34.23,81,55.41,337,0
10360,57,Male,2,63,10.54,4,36.85,9,278.02,156,0
10361,62,Female,1,53,11.88,25,27.33,83,140.13,43,1
10362,65,Male,2,79,14.83,24,57.62,103,564.1,219,1
10363,29,Female,2,66,11.9,9,3.0,91,283.02,264,0
10364,65,Male,2,46,10.61,14,34.58,34,221.05,110,0
10365,24,Male,1,71,11.68,15,40.33,42,78.86,215,0
10366,45,Female,2,0,15.38,18,31.41,115,256.75,158,1
10367,42,Male,2,29,9.15,20,53.52,94,64.7,53,0
10368,34,Male,2,81,11.3,10,58.43,111,484.38,141,1
10369,19,Male,1,41,11.84,23,20.53,109,243.24,156,1
10370,58,Male,2,6,15.26,3,71.36,52,91.97,125,0
10371,35,Male,3,15,11.4,2,20.36,15,327.81,334,0
10372,53,Female,1,104,19.03,24,59.69,27,1005.43,142,1
10373,39,Male,3,39,11.17,6,43.17,35,147.68,229,0
10374,37,Female,1,2,10.85,25,33.7,100,268.84,4,1
10375,64,Female,2,88,11.12,8,35.06,33,124.96,114,0
10376,23,Male,2,64,6.53,10,40.51,43,187.05,324,0
10377,57,Female,1,54,7.65,2,44.02,102,54.01,326,0
10378,57,Female,3,108,9.68,24,27.66,19,174.93,357,0
10379,38,Female,2,37,16.34,10,37.61,79,181.05,20,0
10380,31,Male,3,69,11.67,6,29.83,66,711.95,315,1
10381,18,Male,1,90,9.86,13,23.38,118,43.15,97,0
10382,67,Male,3,73,16.71,5,29.15,58,140.57,2,0
10383,68,Female,3,25,18.0,20,24.33,62,477.96,33,1
10384,30,Female,2,82,16.82,3,34.91,102,144.92,274,0
10385,19,Female,1,89,8.39,13,47.27,119,153.11,216,0
10386,24,Male,2,14,9.82,11,42.75,87,91.36,209,0
10387,21,Female,2,20,19.05,2,69.63,83,84.55,322,0
10388,62,Male,3,81,12.76,3,8.95,105,42.12,34,1
10389,65,Female,2,14,10.73,14,47.81,117,107.13,30,0
10390,26,Male,1,106,14.67,11,41.09,88,80.89,341,0
10391,57,Female,1,13,15.83,5,52.83,35,191.88,221,0
10392,27,Female,2,117,9.51,5,51.39,77,94.67,284,0
10393,37,Male,3,81,12.68,21,38.61,28,120.39,192,0
10394,49,Male,1,53,15.51,19,43.5,60,122.99,53,1
10395,56,Female,3,32,7.16,16,30.21,53,168.55,191,0
10396,64,Male,3,41,11.85,22,49.9,118,115.88,352,0
10397,20,Female,1,90,7.34,3,13.76,66,76.45,43,0
10398,28,Female,1,91,7.87,18,52.26,115,187.11,46,0
10399,32,Female,2,25,9.55,20,40.66,96,402.39,126,1
10400,34,Male,2,65,13.71,6,33.94,101,193.44,166,0
10401,70,Male,1,120,10.51,14,37.63,20,108.76,230,0
10402,59,Male,3,31,9.21,20,38.69,93,158.97,58,0
10403,34,Female,2,83,12.01,16,59.81,30,35.35,341,0
10404,69,Male,3,20,7.21,7,87.89,69,156.97,54,0
10405,44,Male,3,100,13.52,17,58.69,58,128.06,73,0
10406,44,Male,3,20,16.33,20,32.8,31,84.49,354,0
10407,40,Female,2,36,11.48,2,50.13,118,97.33,137,0
10408,25,Male,1,55,10.99,15,50.76,105,127.08,209,0
10409,67,Female,2,44,13.29,14,27.59,68,379.52,159,1
10410,18,Female,1,20,3.69,10,22.72,1,410.18,94,0
10411,27,Female,2,77,13.95,3,40.08,21,84.85,185,0
10412,30,Female,1,2,24.21,4,52.71,27,116.83,284,0
10413,32,Female,2,119,11.31,20,17.63,116,119.17,4,1
10414,24,Female,1,6,11.32,21,30.55,48,329.06,320,0
10415,18,Male,1,40,14.77,12,49.3,5,196.03,67,0
10416,53,Female,1,112,18.38,24,41.6,70,188.14,335,0
10417,69,Female,2,18,15.7,24,61.54,114,265.89,352,0
10418,24,Female,3,8,3.18,17,20.54,67,109.9,341,0
10419,33,Female,1,90,14.05,15,75.11,53,507.05,238,0
10420,44,Female,3,8,22.09,25,18.7,21,174.76,331,0
10421,67,Female,3,108,14.29,16,11.58,105,89.76,314,1
10422,54,Male,2,54,7.18,24,40.15,12,146.3,233,0
10423,58,Male,2,105,12.93,25,24.55,112,457.46,326,1
10424,48,Male,2,29,6.68,6,40.44,26,125.61,125,0
10425,40,Male,1,17,16.73,17,39.93,16,367.03,305,0
10426,28,Male,2,116,7.98,19,38.16,41,107.45,338,0
10427,63,Male,1,92,12.1,21,28.79,0,96.31,232,0
10428,60,Male,3,110,8.37,10,47.27,1,292.74,44,0
10429,19,Female,3,38,9.61,22,36.4,22,88.51,78,0
10430,55,Male,3,48,17.74,13,57.0,83,332.41,61,0
10431,22,Female,2,69,12.21,11,38.38,97,230.22,195,0
10432,57,Female,2,54,9.56,5,27.01,29,88.53,158,0
10433,61,Male,3,29,7.22,9,16.53,77,165.51,302,0
10434,24,Male,1,45,4.31,25,38.5,42,114.06,103,0
10435,40,Male,1,73,6.79,19,22.6,51,229.75,60,0
10436,24,Female,2,4,12.25,19,21.43,40,763.01,225,0
10437,48,Male,2,40,15.72,23,48.65,106,131.06,50,0
10438,67,Male,2,35,9.56,8,15.22,61,265.37,331,0
10439,22,Female,1,8,18.08,17,61.48,60,178.37,29,0
10440,39,Female,2,14,8.93,10,43.32,103,178.31,179,0
10441,69,Male,1,59,10.85,22,40.36,78,153.84,347,0
10442,33,Male,1,12,7.48,12,26.0,17,89.66,202,0
10443,25,Male,1,41,15.76,22,52.08,22,227.28,295,0
10444,43,Male,2,67,20.19,19,40.96,40,139.71,154,0
10445,44,Male,3,105,4.75,20,31.05,11,86.4,276,0
10446,53,Female,2,11,10.42,24,43.9,83,386.0,258,1
10447,34,Female,2,52,16.86,20,16.6,59,189.05,187,0
10448,68,Female,3,12,6.01,9,17.29,5,146.48,36,0
10449,45,Female,2,51,14.07,14,24.76,48,497.72,355,0
10450,33,Male,3,58,16.69,13,46.07,99,41.79,17,0
10451,68,Female,2,96,12.11,3,40.95,108,472.29,130,0
10452,67,Female,2,53,14.0,16,56.21,115,88.08,234,0
10453,44,Female,1,113,18.84,12,27.66,110,206.39,281,1
10454,19,Female,1,16,19.59,11,49.33,72,110.62,195,0
10455,49,Male,3,6,11.55,4,39.35,111,85.19,146,0
10456,47,Male,3,0,9.67,14,27.33,114,487.66,149,1
10457,25,Male,3,43,8.12,15,46.59,76,744.44,357,0
10458,51,Male,3,23,15.71,4,40.04,49,147.26,122,0
10459,62,Female,1,11,6.31,17,31.88,115,227.34,312,0
10460,23,Male,3,28,10.79,6,41.61,49,182.95,18,0
10461,56,Female,2,117,12.21,5,39.12,19,674.91,241,0
10462,25,Female,3,96,9.79,11,38.77,12,33.67,249,0
10463,57,Male,1,2,12.92,11,35.02,68,234.85,247,0
10464,40,Male,1,110,22.06,23,22.08,4,99.25,154,0
10465,18,Female,3,24,11.31,3,42.08,14,27.86,252,0
10466,69,Female,3,49,10.06,10,29.36,29,132.1,162,0
10467,26,Male,2,39,15.86,19,26.21,63,739.71,217,1
10468,49,Male,1,49,12.76,7,37.51,57,104.91,327,0
10469,27,Female,1,92,17.56,25,51.64,61,324.27,246,0
10470,67,Male,3,86,12.46,19,43.69,60,445.75,269,0
10471,57,Female,2,71,10.81,24,33.3,119,173.28,354,0
10472,60,Male,2,75,4.67,24,32.72,26,192.24,80,0
10473,40,Male,2,88,5.32,4,50.22,56,45.88,215,0
10474,42,Male,2,22,4.46,13,6.25,73,100.1,240,0
10475,51,Male,2,47,13.32,19,52.56,32,355.05,254,0
10476,59,Male,2,13,6.35,2,13.83,21,183.48,48,0
10477,62,Male,3,85,16.82,12,20.48,5,233.06,278,0
10478,18,Female,3,52,11.92,18,33.54,39,194.15,71,1
10479,53,Male,3,77,10.82,21,72.47,30,967.34,149,0
10480,23,Male,2,68,8.42,11,65.32,23,125.08,261,0
10481,33,Male,2,33,14.29,22,51.24,32,612.17,96,1
10482,61,Male,2,16,8.58,18,46.17,83,194.21,46,0
10483,31,Female,3,117,7.86,3,14.0,99,656.07,247,1
10484,60,Male,2,35,16.55,8,43.27,61,67.31,102,0
10485,42,Female,2,13,13.22,24,33.04,7,202.11,302,0
10486,30,Male,3,37,10.86,2,29.16,88,128.73,328,0
10487,35,Female,2,109,14.37,4,43.24,18,195.11,128,0
10488,46,Male,3,31,11.84,10,34.17,6,454.06,270,0
10489,58,Female,1,119,13.33,25,53.6,68,235.16,82,0
10490,50,Male,2,55,8.53,18,12.93,51,453.36,340,0
10491,67,Male,2,104,20.08,5,42.09,37,103.75,89,0
10492,63,Female,1,79,9.48,11,28.25,116,92.11,322,0
10493,57,Female,3,5,18.02,24,35.06,10,177.21,287,0
10494,49,Female,2,61,11.04,7,45.42,6,169.8,114,0
10495,33,Male,1,50,15.03,15,24.8,70,151.38,301,0
10496,39,Female,3,24,14.74,13,43.38,50,82.85,231,0
10497,24,Female,2,66,16.39,20,37.92,96,445.74,245,1
10498,37,Female,3,12,8.44,20,31.42,4,131.86,138,0
10499,67,Male,2,84,16.1,21,34.18,50,532.26,85,1
10500,40,Female,3,99,19.19,4,38.76,17,176.75,255,0
10501,24,Female,2,11,10.77,12,29.87,4,290.2,19,0
10502,52,Female,2,57,11.94,18,41.1,55,270.37,127,0
10503,69,Male,1,79,9.71,12,36.97,88,92.01,51,0
10504,63,Male,2,7,10.41,18,32.14,18,233.04,0,0
10505,32,Female,2,47,18.65,17,64.05,101,787.52,2,1
10506,42,Male,2,31,7.78,10,47.02,62,212.95,34,0
10507,46,Female,2,4,8.03,4,35.45,57,353.46,343,0
10508,31,Male,3,97,18.24,25,43.11,110,300.53,282,1
10509,32,Male,2,53,14.3,21,26.11,39,222.36,362,0
10510,30,Female,1,90,20.28,23,34.67,24,202.4,30,1
10511,70,Male,3,71,10.0,9,36.36,94,268.19,365,0
10512,57,Male,2,105,12.31,9,22.92,12,317.39,219,0
10513,62,Female,3,120,9.16,9,46.62,104,60.95,290,0
10514,61,Female,3,72,12.37,2,33.67,99,212.23,313,0
10515,68,Female,3,42,4.7,6,35.85,117,151.59,95,0
10516,23,Male,3,51,14.54,9,32.75,55,128.95,271,0
10517,64,Male,2,99,13.09,25,83.91,74,480.89,237,0
10518,21,Female,1,51,11.57,6,31.39,105,98.78,151,0
10519,43,Male,2,62,10.24,14,11.0,15,58.96,180,0
10520,49,Male,3,23,8.22,15,17.8,36,325.53,76,0
10521,36,Male,2,119,14.71,10,52.01,56,57.79,67,0
10522,25,Female,3,78,7.12,24,60.38,75,38.9,337,0
10523,28,Female,1,39,13.85,4,31.11,81,355.4,267,0
10524,61,Female,2,70,20.1,22,59.54,110,198.06,207,0
10525,34,Female,2,48,17.74,19,51.75,58,253.03,254,0
10526,34,Male,2,18,5.78,9,38.25,20,123.93,148,0
10527,66,Male,1,105,9.65,20,37.22,22,59.44,91,0
10528,25,Male,1,107,13.49,12,43.62,96,69.4,344,0
10529,66,Male,3,101,11.52,25,53.72,55,141.53,362,0
10530,66,Male,2,44,6.2,2,46.76,75,64.87,78,0
10531,49,Male,1,31,13.34,2,31.19,67,222.36,293,0
10532,26,Male,1,6,11.76,15,38.47,97,122.01,161,0
10533,26,Female,2,88,19.46,24,69.73,26,202.17,259,0
10534,33,Female,1,39,10.79,3,44.64,20,197.51,39,0
10535,48,Male,2,107,16.47,20,53.61,88,236.63,175,0
10536,26,Male,3,105,6.73,24,48.83,52,258.37,45,1
10537,42,Female,1,15,7.69,13,44.96,97,133.83,298,0
10538,24,Female,2,110,14.69,22,42.58,15,202.0,145,0
10539,46,Female,1,16,16.13,20,54.01,32,210.37,96,0
10540,19,Male,1,59,7.97,7,51.42,115,26.32,256,0
10541,55,Female,3,57,11.9,22,44.83,101,289.77,349,0
10542,20,Male,2,115,6.27,18,30.94,7,196.71,124,0
10543,28,Male,3,79,11.08,2,46.59,98,271.71,262,0
10544,27,Male,1,105,15.15,15,40.03,7,64.14,252,0
10545,62,Male,2,72,10.06,17,36.53,14,136.79,179,0
10546,20,Male,2,99,10.8,21,79.84,107,74.69,294,0
10547,40,Male,2,103,7.28,20,18.68,15,312.8,46,0
10548,49,Female,3,104,9.21,13,54.9,36,58.49,321,0
10549,45,Male,1,49,18.83,9,28.49,16,84.81,147,0
10550,54,Male,3,46,12.09,6,42.9,71,265.48,16,0
10551,60,Male,3,119,7.79,4,78.24,6,107.11,362,0
10552,38,Male,2,91,10.54,17,27.05,34,84.83,283,0
10553,61,Male,2,110,5.41,25,30.5,39,354.97,298,0
10554,34,Male,2,69,7.74,3,40.75,77,366.5,53,0
10555,70,Male,1,112,17.24,18,28.72,59,307.35,274,1
10556,44,Female,3,87,11.23,16,53.82,23,339.26,255,0
10557,57,Female,2,89,19.36,6,33.25,55,146.08,330,0
10558,64,Male,3,21,11.42,7,50.48,55,149.19,136,0
10559,60,Female,2,68,11.66,8,21.73,42,105.56,339,0
10560,63,Female,2,88,14.36,18,14.8,64,199.46,259,0
10561,46,Female,2,92,1.11,9,37.68,39,115.93,92,0
10562,20,Female,2,115,12.62,21,18.26,40,124.84,78,1
10563,44,Female,3,39,11.6,10,63.01,94,279.42,330,0
10564,27,Female,1,36,17.74,4,18.82,30,440.86,236,0
10565,65,Female,3,117,15.66,4,25.95,39,238.75,43,0
10566,30,Male,3,119,7.27,11,47.0,16,709.35,45,1
10567,30,Male,3,21,16.77,11,32.5,83,100.94,302,0
10568,31,Male,2,45,10.75,19,18.98,84,41.73,62,0
10569,52,Male,3,114,8.18,13,70.58,81,305.58,80,0
10570,48,Male,1,24,12.59,5,26.48,20,95.85,224,0
10571,68,Male,3,94,10.99,7,38.15,54,141.36,316,0
10572,40,Female,1,13,17.95,15,37.97,35,44.01,123,0
10573,32,Female,1,21,13.16,10,51.3,91,86.78,243,0
10574,20,Female,2,94,12.62,18,47.7,40,54.22,257,0
10575,18,Male,2,73,15.4,24,29.01,49,124.71,219,0
10576,37,Male,2,67,16.17,10,36.28,54,128.64,250,0
10577,67,Female,3,103,14.93,15,37.71,91,187.72,83,1
10578,45,Female,1,37,17.48,21,51.86,84,460.25,227,1
10579,65,Female,3,60,14.23,7,24.06,98,296.72,1,1
10580,23,Female,1,73,12.47,14,70.26,51,49.38,267,0
10581,22,Female,3,89,16.76,9,29.99,98,281.19,289,0
10582,62,Male,3,40,11.44,17,40.87,104,190.94,290,0
10583,23,Male,2,76,11.93,19,24.18,62,162.14,10,0
10584,20,Male,2,54,18.69,5,22.18,81,171.93,333,0
10585,39,Female,3,65,18.29,6,28.32,109,205.27,159,1
10586,67,Female,3,104,11.77,2,26.93,100,102.01,29,0
10587,54,Male,2,47,9.99,2,34.99,33,151.8,195,0
10588,23,Female,2,80,17.65,3,26.81,85,440.65,209,1
10589,62,Male,3,113,15.0,18,51.09,53,101.06,147,0
10590,62,Male,1,92,13.06,23,29.65,17,78.37,274,0
10591,60,Male,3,119,10.51,11,28.04,44,166.78,199,0
10592,65,Male,2,70,13.13,23,35.3,117,72.45,79,1
10593,30,Female,3,34,11.71,19,55.4,114,45.65,226,0
10594,69,Male,1,119,9.14,21,44.12,94,133.77,96,0
10595,34,Female,1,77,12.32,19,39.55,118,541.7,43,1
10596,60,Female,3,29,12.86,6,20.22,68,169.81,97,0
10597,48,Male,3,38,10.3,14,24.43,90,201.16,331,0
10598,59,Male,3,31,15.42,14,22.46,19,33.22,209,0
10599,51,Female,3,100,16.96,17,59.95,35,246.29,116,0
10600,52,Male,2,11,15.68,21,48.69,20,188.22,134,0
10601,50,Female,1,89,10.7,4,28.51,112,104.18,314,0
10602,59,Male,1,67,14.82,18,32.82,73,201.39,243,0
10603,57,Female,2,8,12.11,21,29.03,111,199.83,283,0
10604,25,Female,1,74,6.86,4,28.16,49,76.58,223,0
10605,61,Male,3,91,14.49,11,47.67,48,226.7,363,0
10606,46,Male,1,87,12.38,23,36.83,81,445.21,240,1
10607,35,Female,1,63,22.17,2,71.18,68,146.5,146,0
10608,45,Male,1,40,17.63,5,59.13,44,88.95,92,0
10609,69,Male,1,19,14.64,21,59.99,38,152.36,16,0
10610,63,Male,1,1,12.8,6,50.73,61,340.83,280,0
10611,62,Male,2,43,12.45,18,34.87,9,67.24,341,0
10612,42,Female,2,76,7.79,23,49.67,22,274.8,243,0
10613,59,Female,2,4,4.84,13,35.94,5,103.12,178,0
10614,38,Male,3,120,8.31,13,64.64,18,211.37,47,0
10615,54,Female,2,70,11.61,12,46.86,23,112.69,235,0
10616,51,Male,2,35,3.38,10,44.8,9,112.45,73,0
10617,31,Male,2,116,9.62,11,42.84,6,574.1,227,0
10618,32,Female,1,22,10.81,15,66.23,98,58.31,110,0
10619,21,Female,2,115,10.94,23,20.21,21,255.54,316,0
10620,25,Male,3,34,9.15,25,67.66,66,675.34,342,0
10621,40,Male,2,45,10.43,22,38.3,11,298.72,85,0
10622,43,Male,1,51,18.7,4,20.61,113,61.96,119,1
10623,26,Female,2,120,14.45,9,30.09,28,64.4,337,0
10624,40,Male,3,30,9.56,20,17.06,89,97.37,7,0
10625,50,Male,2,117,11.53,15,50.48,76,197.94,189,0
10626,30,Female,2,41,11.69,10,25.94,92,208.73,51,1
10627,35,Male,3,34,8.73,9,43.45,75,64.9,158,0
10628,37,Male,2,77,8.72,4,57.45,61,88.59,11,0
10629,44,Male,2,83,15.84,9,31.26,92,92.93,51,1
10630,37,Male,1,41,10.12,12,37.11,97,151.99,147,0
10631,57,Male,1,16,7.42,11,22.1,45,822.91,21,1
10632,35,Female,3,47,11.63,15,35.37,113,84.51,291,0
10633,40,Female,2,65,12.27,8,78.32,118,81.68,211,0
10634,38,Female,2,4,3.91,6,52.28,86,72.31,164,0
10635,27,Female,2,9,11.64,23,37.16,111,287.3,172,1
10636,54,Male,1,111,15.27,11,32.13,12,169.45,307,0
10637,30,Male,3,4,13.6,8,40.38,64,86.98,309,0
10638,33,Female,1,49,20.72,17,42.89,78,131.87,17,1
10639,60,Male,3,92,16.8,15,34.92,111,94.39,250,0
10640,68,Female,2,39,17.6,15,48.69,14,220.43,171,0
10641,53,Female,1,59,23.0,7,27.18,96,1420.27,286,1
10642,66,Male,1,10,14.83,19,27.1,9,268.93,288,0
10643,63,Male,3,96,12.45,6,46.37,42,162.76,259,0
10644,43,Male,1,76,15.69,22,24.05,83,104.18,246,0
10645,58,Male,1,103,9.56,12,51.57,34,61.37,77,0
10646,35,Male,3,104,12.23,11,40.79,100,310.15,312,0
10647,42,Male,2,42,9.21,11,14.5,111,297.28,256,0
10648,46,Female,2,4,13.39,12,42.59,19,121.66,100,0
10649,68,Female,1,41,9.19,17,16.57,30,450.87,85,1
10650,62,Female,3,17,9.05,13,51.05,8,177.9,183,0
10651,43,Male,1,64,13.45,5,37.39,85,320.25,125,0
10652,52,Male,1,17,11.25,15,67.84,106,220.48,247,0
10653,28,Male,1,111,4.09,8,56.53,72,152.42,148,0
10654,60,Male,1,72,5.98,4,25.62,15,83.09,61,0
10655,47,Female,1,30,7.21,22,11.7,20,156.22,144,0
10656,46,Male,1,111,8.27,9,30.05,4,337.51,298,0
10657,58,Male,1,93,13.46,16,23.29,58,117.74,304,0
10658,51,Female,2,52,12.68,6,67.47,86,246.6,113,0
10659,21,Male,3,17,16.06,10,40.85,18,75.21,291,0
10660,33,Male,1,41,14.81,11,54.53,101,321.58,34,1
10661,27,Male,1,70,16.09,5,36.87,30,223.38,360,0
10662,56,Female,3,92,14.23,25,38.39,61,68.52,280,0
10663,19,Female,3,31,12.64,9,40.53,80,146.94,14,0
10664,28,Male,2,89,16.2,15,57.04,64,361.88,258,0
10665,49,Female,1,34,15.48,15,45.52,57,65.55,180,0
10666,54,Female,2,29,13.3,12,25.67,40,75.9,323,0
10667,44,Female,1,54,16.88,16,64.53,51,165.77,87,0
10668,63,Male,1,19,2.42,15,36.75,28,924.07,326,1
10669,66,Male,2,48,10.64,3,34.39,35,103.56,318,0
10670,25,Female,2,43,10.58,18,3.0,90,257.52,101,0
10671,68,Male,2,33,16.41,4,50.2,105,214.37,158,0
10672,50,Female,2,93,18.09,12,42.46,101,110.49,234,0
10673,51,Female,1,40,6.0,10,42.45,39,198.44,87,0
10674,23,Male,2,84,17.44,12,35.16,38,123.41,365,0
10675,50,Female,3,87,7.11,3,32.66,6,132.38,69,0
10676,56,Female,3,80,7.24,18,35.64,32,47.89,89,0
10677,48,Female,2,32,10.86,12,47.72,70,171.7,183,0
10678,22,Male,2,100,10.53,3,50.27,32,352.86,173,0
10679,45,Female,1,28,5.57,2,37.65,88,183.02,18,0
10680,67,Female,1,33,14.4,14,54.76,6,409.68,333,0
10681,56,Female,2,105,14.52,17,39.85,49,275.18,87,0
10682,25,Female,1,41,16.02,15,33.69,33,167.06,37,0
10683,68,Female,2,84,10.07,19,43.88,59,107.23,190,0
10684,68,Male,2,5,11.64,20,21.29,3,119.76,339,0
10685,26,Male,1,74,11.68,22,44.37,50,55.58,0,0
10686,60,Male,1,105,18.55,25,18.64,94,142.09,178,1
10687,39,Male,2,85,0.5,23,26.1,102,196.11,333,0
10688,49,Male,3,70,7.97,21,11.73,30,667.02,326,1
10689,41,Female,2,102,11.82,12,38.46,51,264.24,62,0
10690,59,Male,2,36,7.46,14,64.34,82,89.14,227,0
10691,70,Female,1,45,10.77,16,39.3,55,56.94,305,0
10692,60,Female,2,8,11.3,6,50.33,65,148.96,245,0
10693,67,Male,1,84,9.17,18,75.11,40,329.63,240,0
10694,68,Female,2,87,12.06,16,46.86,100,147.33,282,0
10695,22,Female,3,90,14.31,14,29.9,75,267.08,165,0
10696,31,Female,2,90,10.85,22,31.9,115,151.94,24,1
10697,56,Male,1,15,9.99,18,41.01,93,306.14,234,0
10698,49,Female,1,80,11.14,24,31.82,44,50.35,229,0
10699,20,Female,1,92,11.77,25,32.91,39,611.58,311,0
10700,23,Female,2,24,4.84,21,55.29,10,73.48,338,0
10701,45,Female,3,57,13.65,9,55.88,74,325.02,123,0
10702,50,Female,1,110,10.0,6,17.12,89,141.53,349,0
10703,26,Male,2,50,16.85,9,29.14,42,159.88,3,0
10704,27,Female,2,91,14.16,19,34.27,2,145.0,354,0
10705,24,Male,1,64,16.48,22,49.69,99,213.61,50,1
10706,47,Female,1,79,7.76,23,57.57,26,250.05,236,0
10707,18,Male,2,75,10.31,18,80.18,69,399.54,250,0
10708,48,Male,2,78,6.83,18,34.25,6,524.78,231,0
10709,43,Female,2,94,8.98,24,34.97,7,226.7,362,0
10710,42,Male,2,109,16.81,18,49.53,107,666.11,202,1
10711,54,Female,3,35,17.75,5,31.11,80,188.16,48,1
10712,45,Male,3,112,7.21,14,38.96,0,405.53,222,0
10713,56,Female,3,75,9.97,10,34.98,12,244.49,106,0
10714,58,Female,3,72,11.5,17,3.0,59,114.02,224,0
10715,66,Male,3,39,14.14,17,42.79,81,201.57,139,0
10716,60,Female,3,50,4.76,9,38.36,50,259.11,15,0
10717,45,Male,2,78,5.39,9,59.43,104,170.66,233,0
10718,44,Female,3,44,13.76,4,41.08,78,241.49,32,0
10719,30,Female,3,34,4.0,9,22.81,73,343.7,120,0
10720,49,Female,2,99,10.01,21,37.26,34,171.84,226,0
10721,25,Male,2,50,12.45,17,10.68,81,17.61,322,0
10722,67,Male,2,77,13.46,24,23.44,104,647.97,115,1
10723,62,Female,3,3,11.23,24,50.21,5,138.75,109,0
10724,24,Female,2,9,10.34,22,37.41,88,92.08,110,0
10725,59,Male,3,102,15.18,6,54.38,105,72.82,210,0
10726,24,Male,3,17,12.94,10,12.48,51,134.61,70,0
10727,56,Male,3,96,9.21,3,37.48,91,112.83,192,0
10728,22,Female,1,108,11.95,4,34.11,42,98.49,293,0
10729,43,Male,2,58,13.33,7,54.86,23,102.79,29,0
10730,52,Male,3,107,18.67,8,50.76,97,264.54,352,0
10731,56,Female,3,51,14.95,2,50.31,37,852.75,194,1
10732,40,Male,3,115,16.66,22,63.35,90,331.9,229,1
10733,66,Female,2,28,9.36,14,35.66,37,420.07,225,0
10734,59,Male,2,51,9.7,17,60.36,47,130.37,346,0
10735,29,Female,1,47,10.86,17,25.86,82,189.89,243,0
10736,53,Female,3,94,11.23,25,25.33,40,244.07,323,0
10737,56,Female,1,5,7.77,5,51.91,96,104.62,104,0
10738,35,Male,2,100,16.86,10,19.18,4,125.55,79,0
10739,57,Female,3,2,15.33,9,49.31,1,340.81,235,0
10740,65,Female,2,38,10.58,15,42.47,9,409.61,56,0
10741,61,Male,1,72,14.37,14,56.54,30,184.45,40,0
10742,58,Male,1,17,12.69,20,40.14,6,68.89,77,0
10743,51,Male,3,59,14.68,15,41.81,45,138.97,99,0
10744,32,Female,2,120,6.42,7,48.38,2,56.86,35,0
10745,60,Female,1,99,11.22,15,31.39,90,185.57,266,0
10746,37,Female,2,3,11.57,25,30.76,18,213.58,213,0
10747,46,Female,1,71,14.29,15,47.88,116,141.69,73,0
10748,34,Female,3,72,9.29,16,40.58,102,211.31,103,1
10749,34,Male,1,8,1.8,6,35.09,83,242.25,340,0
10750,26,Male,1,78,7.47,2,39.8,95,213.82,334,0
10751,68,Female,1,63,11.56,7,64.12,92,68.55,45,0
10752,25,Male,2,82,12.06,2,34.58,101,143.63,224,0
10753,22,Female,2,35,18.53,12,34.16,66,240.92,118,1
10754,67,Female,3,30,14.13,23,16.24,74,599.55,131,1
10755,47,Male,2,89,12.13,12,40.39,56,141.55,219,0
10756,41,Female,2,87,11.67,17,50.52,74,268.93,360,0
10757,57,Male,1,19,16.22,22,53.12,45,347.15,213,0
10758,38,Female,1,26,9.44,20,42.57,14,150.12,348,0
10759,24,Female,3,70,11.24,17,54.86,111,428.61,300,0
10760,56,Female,1,100,7.44,20,51.6,83,446.97,284,1
10761,27,Male,3,24,17.48,8,57.14,84,513.62,289,0
10762,47,Male,2,26,13.37,12,55.27,33,250.23,289,0
10763,68,Male,1,97,8.97,11,63.76,92,1102.89,93,1
10764,67,Male,1,84,11.34,21,38.54,62,108.3,357,0
10765,37,Male,1,109,13.84,11,21.76,9,917.42,336,0
10766,59,Male,3,94,10.8,24,50.62,114,318.64,219,0
10767,50,Female,2,115,9.66,6,52.32,119,497.84,260,0
10768,43,Male,2,22,9.18,6,63.76,104,136.34,322,0
10769,25,Male,2,32,13.16,19,59.58,56,338.15,55,0
10770,37,Female,2,28,10.37,20,69.21,27,532.63,23,0
10771,52,Female,3,6,9.98,18,49.99,1,74.94,364,0
10772,70,Female,3,94,6.46,9,44.32,88,154.07,202,0
10773,18,Female,2,80,12.11,2,20.92,106,32.94,264,0
10774,56,Female,3,10,11.08,9,45.47,12,152.27,183,0
10775,62,Female,3,23,10.51,13,32.99,82,92.6,189,0
10776,68,Female,2,23,12.6,11,44.07,3,147.66,13,0
10777,40,Female,2,48,14.79,24,41.79,93,1711.68,105,1
10778,24,Male,1,55,14.61,22,47.84,3,668.26,31,1
10779,32,Male,3,34,14.01,20,39.59,117,56.94,158,0
10780,63,Male,3,112,10.84,2,54.56,20,269.96,7,0
10781,64,Male,1,25,9.53,5,3.0,48,326.34,293,1
10782,51,Female,3,67,7.62,12,43.75,83,134.45,107,0
10783,24,Male,3,52,9.43,16,58.44,101,201.11,271,0
10784,24,Male,1,46,11.88,18,68.12,43,217.03,19,0
10785,43,Male,2,99,8.65,9,51.61,117,61.22,12,0
10786,49,Female,3,118,12.18,4,65.43,1,78.28,154,0
10787,19,Male,3,0,7.94,9,43.45,56,200.17,288,0
10788,54,Female,1,56,5.16,21,41.04,118,189.11,297,0
10789,46,Female,2,14,15.08,25,48.68,32,100.7,199,0
10790,18,Male,2,52,9.9,24,40.95,64,94.18,224,0
10791,23,Female,1,74,8.45,16,29.66,53,163.16,252,0
10792,42,Male,2,49,7.42,4,33.53,47,349.32,246,0
10793,56,Male,1,37,13.49,25,24.87,92,164.87,271,1
10794,61,Female,1,37,17.3,5,48.66,62,620.49,11,1
10795,40,Female,2,36,10.19,8,41.17,85,101.7,156,0
10796,33,Male,2,39,10.94,25,35.78,62,203.45,307,0
10797,69,Female,2,45,16.09,14,32.78,119,132.75,160,0
10798,42,Male,3,83,4.56,6,48.32,56,276.83,53,0
10799,34,Female,2,11,19.67,14,52.32,95,95.12,243,0
10800,41,Female,1,4,21.58,3,24.61,73,786.94,110,1
10801,18,Female,1,62,0.97,9,22.33,96,46.81,187,0
10802,34,Female,1,82,11.41,24,54.84,106,667.05,189,1
10803,45,Male,1,31,8.92,9,21.06,27,187.72,254,0
10804,66,Female,1,24,10.74,23,48.94,36,269.26,340,0
10805,57,Female,1,75,10.13,15,64.45,36,495.57,253,0
10806,59,Female,1,46,15.05,17,64.48,58,341.64,365,0
10807,46,Male,2,89,11.35,18,51.7,59,99.02,6,0
10808,23,Male,2,17,8.16,15,51.28,0,279.46,286,0
10809,38,Male,3,14,11.11,2,73.65,107,751.01,152,1
10810,70,Male,3,66,13.86,24,7.15,103,87.59,266,0
10811,20,Male,2,47,7.07,13,34.27,72,913.39,31,1
10812,64,Male,1,88,5.22,17,53.3,36,236.43,193,0
10813,54,Female,2,61,19.77,15,36.11,99,124.82,10,0
10814,33,Male,1,42,9.23,17,58.98,32,87.18,243,0
10815,59,Female,2,19,11.25,10,40.43,36,147.03,79,0
10816,62,Female,2,19,10.21,22,42.91,119,38.08,52,0
10817,20,Female,2,91,13.99,7,37.02,110,126.58,28,1
10818,23,Male,1,27,18.89,17,33.42,70,142.55,98,0
10819,53,Male,2,60,14.12,15,33.07,20,75.7,351,0
10820,70,Female,3,98,5.73,14,44.93,14,313.6,360,0
10821,19,Female,3,108,6.26,2,29.77,115,147.55,29,0
10822,53,Male,2,32,10.2,11,54.82,31,106.58,358,0
10823,25,Female,2,13,10.73,3,50.47,81,135.78,215,0
10824,52,Female,1,93,4.91,14,56.94,42,230.85,118,0
10825,51,Female,2,83,15.08,18,24.63,59,185.29,344,0
10826,22,Male,2,40,7.45,14,16.36,118,101.29,88,1
10827,54,Male,1,71,17.77,20,40.94,71,193.02,66,0
10828,65,Male,2,22,19.08,10,83.03,51,168.22,84,0
10829,63,Female,3,84,10.81,9,59.36,49,71.95,53,0
10830,19,Male,2,88,13.56,12,32.96,27,139.74,177,0
10831,31,Male,2,36,6.87,7,47.16,66,274.97,51,0
10832,30,Female,2,56,14.29,21,51.55,68,273.43,81,0
10833,42,Male,2,40,9.81,21,21.16,11,146.26,135,0
10834,25,Male,2,3,7.45,11,60.86,48,296.68,237,0
10835,63,Male,1,15,10.64,21,38.57,77,81.49,314,0
10836,59,Male,2,116,9.94,2,39.69,6,83.48,27,0
10837,60,Male,2,55,10.5,5,41.34,117,143.86,230,0
10838,28,Male,1,17,15.6,8,57.6,103,562.78,37,1
10839,18,Female,3,5,8.66,11,30.05,76,198.76,362,0
10840,66,Female,1,42,18.74,7,16.25,1,141.18,101,0
10841,33,Male,2,118,6.5,14,45.68,62,583.6,313,0
10842,52,Female,2,46,18.26,21,11.37,107,139.91,284,0
10843,66,Male,2,120,7.73,12,36.63,2,1000.12,118,1
10844,19,Female,2,59,11.8,12,58.21,95,117.45,118,0
10845,18,Male,3,92,9.84,3,49.4,100,79.49,116,0
10846,18,Female,2,95,10.43,8,56.11,9,153.7,172,0
10847,26,Male,2,3,15.01,21,50.0,27,144.1,161,0
10848,20,Female,2,0,17.8,21,75.95,86,93.2,240,0
10849,61,Male,1,111,16.56,4,32.47,109,1331.85,169,1
10850,50,Female,1,112,10.18,2,46.77,92,224.37,288,0
10851,69,Male,2,16,12.54,21,34.65,63,251.36,170,1
10852,60,Female,1,78,8.67,6,54.87,72,122.06,112,0
10853,69,Male,2,111,7.83,15,40.11,62,111.52,119,0
10854,30,Female,2,115,7.21,21,65.92,69,389.44,267,0
10855,33,Female,2,35,10.05,20,33.3,92,47.35,51,0
10856,63,Female,1,98,12.8,15,61.4,5,71.76,104,0
10857,30,Male,3,78,4.15,11,49.6,25,144.3,114,0
10858,21,Male,2,112,11.61,20,40.53,7,502.0,235,0
10859,53,Male,2,17,17.86,18,48.87,95,130.67,47,0
10860,60,Male,1,72,16.29,22,44.79,87,242.11,165,1
10861,69,Female,2,2,9.46,14,46.16,6,178.83,246,0
10862,67,Female,1,43,6.21,24,38.0,12,481.0,339,0
10863,24,Female,2,1,13.64,20,30.83,31,50.84,160,0
10864,58,Female,2,53,2.53,3,36.14,29,310.7,359,0
10865,62,Female,3,98,16.24,9,16.59,62,149.85,222,0
10866,55,Female,2,79,10.95,21,53.21,59,360.03,283,0
10867,61,Female,2,38,19.13,4,23.09,42,92.36,88,0
10868,62,Male,1,51,4.89,19,37.84,19,178.36,335,0
10869,41,Female,2,44,15.47,10,50.4,77,161.55,94,1
10870,20,Female,2,88,11.4,6,53.17,94,80.07,49,0
10871,42,Male,2,32,10.48,14,15.27,76,64.46,28,1
10872,28,Male,1,11,6.32,24,39.67,96,111.28,239,0
10873,24,Female,1,61,14.18,23,47.67,109,193.67,229,1
10874,24,Female,1,100,14.5,11,41.75,101,96.97,72,1
10875,54,Female,3,57,18.94,2,60.49,78,135.28,321,0
10876,44,Female,2,24,15.83,23,29.08,5,40.2,101,0
10877,46,Male,1,5,9.42,23,11.29,40,131.06,223,0
10878,57,Male,3,114,7.78,16,52.75,51,388.85,191,0
10879,47,Female,1,92,6.33,17,33.21,85,303.33,216,1
10880,51,Female,2,18,17.69,14,15.5,101,163.53,271,0
10881,22,Male,2,8,8.69,2,38.7,76,211.63,339,0
10882,63,Female,3,15,17.72,5,58.84,43,91.72,264,0
10883,41,Male,2,45,13.9,5,22.68,94,621.32,332,1
10884,26,Female,2,98,13.12,23,74.87,83,877.99,318,1
10885,61,Male,3,19,10.57,3,28.85,95,199.01,131,0
10886,56,Male,1,99,14.44,15,42.26,70,1320.18,204,1
10887,20,Male,3,0,11.74,10,23.32,77,102.95,72,0
10888,28,Male,3,89,10.32,2,41.6,41,65.95,339,0
10889,18,Female,3,34,14.58,24,39.06,47,100.61,353,0
10890,32,Male,1,116,11.22,2,19.4,33,147.46,324,0
10891,23,Male,1,57,8.61,22,81.97,30,1062.31,271,0
10892,55,Female,2,32,14.2,20,33.82,78,140.54,310,0
10893,45,Female,2,29,11.54,21,33.83,46,89.5,290,0
10894,69,Male,2,100,13.76,5,55.05,16,86.83,84,0
10895,57,Male,3,48,9.98,23,67.31,4,425.81,96,0
10896,50,Male,2,42,6.96,16,57.33,103,380.96,194,0
10897,44,Female,1,89,18.74,11,23.58,52,119.83,153,0
10898,20,Male,2,65,17.99,18,44.1,69,40.52,269,0
10899,21,Male,1,80,15.34,10,13.72,108,72.57,269,1
10900,50,Male,1,53,10.25,8,54.07,13,670.05,357,0
10901,18,Female,1,7,10.6,8,17.29,112,299.48,288,0
10902,20,Male,3,0,17.33,15,29.35,84,184.17,4,0
10903,29,Female,2,4,10.38,16,40.95,76,751.8,124,1
10904,64,Male,2,69,9.27,7,47.45,51,806.16,119,1
10905,42,Female,2,62,19.29,7,37.22,84,170.16,231,0
10906,55,Male,2,90,11.61,24,63.03,24,172.62,125,0
10907,39,Male,3,108,18.87,14,51.49,36,111.14,358,0
10908,27,Male,3,21,6.21,22,50.35,115,140.16,105,0
10909,37,Female,2,115,13.87,9,23.17,33,54.9,160,0
10910,22,Female,3,112,20.08,8,65.64,86,54.72,299,0
10911,58,Male,2,74,11.92,8,29.36,111,45.65,134,0
10912,27,Male,2,64,10.74,14,66.19,71,407.72,16,0
10913,37,Female,3,21,7.13,20,70.32,35,51.77,121,0
10914,69,Female,2,21,16.13,14,48.43,101,800.92,131,1
10915,49,Male,2,2,8.72,9,55.96,99,99.0,224,0
10916,42,Male,1,78,11.42,25,3.0,65,678.52,260,1
10917,46,Female,2,52,6.86,15,38.17,13,131.64,200,0
10918,59,Female,2,23,18.03,11,56.98,52,51.58,148,0
10919,31,Female,2,16,16.42,2,54.41,51,476.34,184,1
10920,51,Female,2,7,11.67,15,23.31,22,522.3,52,0
10921,64,Male,1,77,7.18,16,36.74,48,86.32,66,0
10922,48,Male,3,82,17.94,24,4.22,18,135.11,223,0
10923,41,Male,2,76,10.34,7,46.99,83,86.34,316,0
10924,25,Male,3,13,7.38,5,13.69,51,159.3,191,0
10925,31,Male,1,5,4.75,25,57.39,87,190.36,22,0
10926,68,Male,2,12,9.22,15,58.15,54,133.05,359,0
10927,46,Male,2,90,5.98,2,34.12,85,42.35,118,0
10928,33,Female,3,89,9.31,4,48.56,87,111.24,273,0
10929,40,Male,1,35,14.78,13,37.85,19,302.94,328,0
10930,48,Male,3,6,10.3,16,44.51,53,148.69,360,0
10931,46,Female,2,38,13.22,7,24.36,89,135.56,42,0
10932,55,Female,2,97,8.91,10,50.03,71,84.67,68,0
10933,31,Female,2,17,12.06,19,17.2,26,108.74,236,0
10934,52,Female,1,96,19.48,25,14.47,99,525.19,278,1
10935,41,Female,2,56,10.41,13,39.23,23,71.93,305,0
10936,67,Male,1,17,13.34,11,37.94,119,307.06,201,1
10937,26,Male,2,113,5.54,10,44.95,84,181.54,58,0
10938,25,Female,2,62,17.88,5,31.58,38,211.82,260,0
10939,42,Male,2,81,9.89,3,68.34,23,98.84,244,0
10940,44,Male,1,11,16.0,22,43.33,108,133.01,171,1
10941,54,Male,1,44,11.31,2,44.38,62,174.22,233,0
10942,39,Male,1,76,14.25,21,43.86,96,116.59,77,0
10943,66,Male,1,78,14.48,7,55.54,99,226.63,296,0
10944,43,Male,2,7,9.99,18,49.35,8,250.03,16,0
10945,24,Female,1,73,16.17,24,47.41,82,952.89,307,1
10946,24,Female,3,114,8.76,19,51.67,40,217.41,306,0
10947,69,Male,1,95,14.91,19,14.54,108,39.38,251,0
10948,25,Female,1,25,10.24,8,15.09,26,433.52,298,0
10949,68,Male,3,110,13.2,16,39.9,4,149.27,334,0
10950,32,Female,1,82,9.95,17,38.13,79,840.58,59,1
10951,22,Female,2,6,12.0,12,49.41,66,551.21,199,1
10952,34,Male,3,15,7.5,2,41.29,66,118.0,236,0
10953,50,Female,3,111,12.79,23,49.44,31,307.31,345,0
10954,40,Female,2,25,11.98,6,22.94,59,110.11,270,0
10955,59,Female,1,11,9.64,25,40.84,115,175.37,217,0
10956,50,Female,2,54,11.58,24,21.55,91,296.5,204,1
10957,39,Female,3,63,12.34,2,46.61,118,416.93,52,0
10958,51,Male,3,69,9.33,19,13.76,39,351.79,116,0
10959,69,Female,1,79,11.28,17,46.05,104,185.54,158,1
10960,39,Female,2,120,7.78,7,19.7,45,1214.22,322,1
10961,26,Female,1,91,21.18,21,35.44,112,131.64,315,1
10962,39,Male,1,3,16.04,4,53.98,103,49.96,235,0
10963,62,Female,2,10,12.89,7,44.3,19,58.05,38,0
10964,29,Male,1,0,16.49,24,17.14,116,552.53,263,1
10965,68,Female,2,47,3.88,19,31.25,72,164.84,167,0
10966,49,Male,1,42,1.57,4,19.23,93,198.12,238,0
10967,49,Female,2,112,10.2,5,16.43,69,114.62,158,0
10968,34,Female,1,44,6.29,8,42.71,26,122.94,263,0
10969,66,Male,2,3,10.85,3,49.12,118,94.71,79,0
10970,19,Male,1,106,12.62,6,47.39,13,252.72,53,0
10971,33,Male,3,31,15.48,15,49.74,97,162.2,80,0
10972,40,Female,1,110,7.25,2,40.83,25,245.69,337,0
10973,43,Female,2,93,13.4,8,37.04,94,228.05,27,0
10974,43,Male,1,106,11.86,9,25.44,50,125.54,104,0
10975,25,Male,1,99,13.19,25,34.62,28,56.09,125,0
10976,29,Male,1,17,9.72,25,21.84,28,52.41,306,0
10977,23,Male,1,75,17.33,22,28.75,38,1854.88,131,1
10978,48,Female,1,49,11.39,10,42.29,108,554.33,326,0
10979,36,Female,2,76,18.9,14,39.29,92,497.77,361,0
10980,47,Male,2,90,8.64,14,85.44,80,103.4,238,0
10981,49,Female,1,60,14.77,22,21.49,75,176.3,125,0
10982,55,Male,2,37,11.56,19,39.19,50,92.65,218,0
10983,46,Female,2,110,10.49,23,20.36,108,62.89,244,0
10984,52,Male,1,80,14.33,15,35.38,32,110.56,39,0
10985,49,Female,2,107,10.6,24,35.97,113,492.36,304,1
10986,52,Female,1,28,1.15,19,53.25,45,337.16,159,0
10987,50,Male,1,101,0.5,19,34.48,40,82.12,309,0
10988,34,Female,2,39,16.89,17,38.23,57,136.9,223,0
10989,31,Female,3,55,16.72,10,34.76,89,313.91,315,0
10990,59,Male,3,104,19.35,16,20.68,85,112.1,29,0
10991,36,Male,3,42,11.73,10,31.54,92,186.21,15,0
10992,47,Female,2,30,6.63,17,35.46,10,239.42,40,0
10993,28,Male,1,110,10.12,8,42.07,19,237.39,320,0
10994,40,Male,2,116,11.85,21,49.1,101,213.37,363,0
10995,46,Male,1,37,7.77,15,37.6,117,105.1,365,0
10996,51,Female,1,37,18.39,19,37.34,15,113.87,121,0
10997,45,Male,1,27,20.76,7,16.05,108,72.28,96,0
10998,37,Male,2,2,13.71,21,48.83,31,51.78,128,0
10999,68,Female,2,66,11.76,21,30.91,117,160.02,299,0
11000,45,Female,1,30,6.62,5,51.83,119,330.78,92,0
11001,60,Female,2,102,17.99,10,60.09,76,59.63,200,0
11002,57,Male,2,20,12.11,18,38.28,22,216.52,236,0
11003,47,Female,3,76,10.64,22,26.16,94,322.72,132,0
11004,64,Female,1,61,13.72,19,40.76,12,41.77,173,0
11005,24,Male,2,74,9.46,13,46.06,40,141.7,243,0
11006,66,Female,1,13,12.39,9,36.42,76,631.96,289,0
11007,63,Male,2,56,6.03,23,32.82,8,269.16,69,0
11008,44,Male,1,75,16.15,22,49.17,47,40.68,187,0
11009,56,Male,1,41,11.38,23,48.21,95,292.45,56,1
11010,45,Female,2,105,16.44,9,35.98,11,97.67,5,0
11011,32,Male,1,64,11.0,12,17.02,44,300.07,236,0
11012,60,Male,1,43,11.26,7,47.62,0,102.16,176,0
11013,31,Male,3,3,6.95,24,29.87,78,167.91,94,0
11014,34,Male,1,20,14.84,22,44.11,9,115.07,20,0
11015,45,Male,2,57,8.3,6,43.19,33,175.43,346,0
11016,62,Female,2,48,9.85,7,13.61,62,112.43,302,0
11017,38,Male,1,105,11.8,15,42.18,25,147.0,342,0
11018,44,Male,2,95,12.28,11,48.46,27,69.95,41,0
11019,20,Female,1,19,4.98,13,50.24,100,256.6,5,0
11020,24,Male,2,71,10.88,10,42.7,93,200.64,79,0
11021,20,Female,1,54,14.98,18,12.33,9,49.6,36,0
11022,21,Male,1,12,10.29,23,59.52,102,379.65,168,0
11023,64,Male,1,80,10.9,24,46.96,56,152.52,236,0
11024,62,Male,3,64,12.45,12,23.55,17,198.53,71,0
11025,61,Male,3,10,11.3,21,29.58,108,317.71,145,0
11026,20,Male,3,56,7.68,18,44.35,40,226.06,197,0
11027,22,Female,2,88,11.65,6,50.86,39,434.26,116,0
11028,32,Male,2,39,15.78,21,33.92,17,139.21,168,0
11029,47,Female,2,43,7.6,10,52.97,106,392.15,216,0
11030,35,Female,3,13,10.3,17,15.0,34,192.61,348,0
11031,43,Male,2,24,6.27,19,25.88,71,260.02,113,0
11032,27,Male,2,118,15.57,24,11.07,28,239.75,32,1
11033,56,Male,2,75,11.43,24,27.99,107,460.61,317,1
11034,34,Male,2,21,8.4,21,62.87,94,307.2,211,0
11035,21,Male,1,58,12.17,14,70.84,60,123.88,172,0
11036,57,Female,2,23,6.99,11,44.4,41,106.12,263,0
11037,65,Female,1,53,7.67,12,31.74,78,168.34,359,0
11038,18,Male,3,17,5.96,24,37.79,59,96.73,46,0
11039,41,Female,2,74,7.53,6,47.86,112,77.02,314,0
11040,61,Female,3,68,17.23,14,18.34,80,33.28,232,0
11041,55,Male,2,76,8.87,18,32.7,3,52.27,214,0
11042,63,Female,3,53,13.66,2,61.81,98,823.37,316,0
11043,40,Female,1,34,8.45,17,25.84,23,104.87,111,0
11044,37,Female,3,30,14.84,8,30.14,36,772.39,288,1
11045,55,Female,2,26,7.7,8,41.19,52,239.67,208,0
11046,26,Male,1,51,11.96,16,45.11,25,168.34,342,0
11047,30,Male,1,54,12.01,2,31.94,113,54.29,171,0
11048,49,Female,1,81,21.11,5,42.12,117,175.64,263,1
11049,53,Male,2,6,14.32,12,49.82,18,765.62,182,1
11050,24,Male,2,34,9.43,16,69.44,38,589.78,144,1
11051,44,Female,3,103,14.54,4,39.17,44,216.74,137,0
11052,37,Male,2,110,20.35,10,40.4,80,71.44,336,0
11053,44,Male,2,112,5.28,9,63.15,71,82.95,306,0
11054,68,Female,2,37,8.43,14,33.04,81,90.0,82,0
11055,22,Male,3,16,10.85,9,21.8,3,474.26,316,0
11056,70,Male,3,23,10.13,2,44.63,61,624.86,213,0
11057,41,Female,1,15,10.47,14,56.6,25,203.89,38,0
11058,58,Male,3,115,6.58,22,46.24,27,138.16,280,0
11059,40,Male,2,106,17.42,16,39.59,92,585.68,59,1
11060,34,Male,3,98,6.11,10,20.0,16,81.57,319,0
11061,58,Female,3,88,11.0,13,40.15,3,182.22,166,0
11062,54,Male,2,41,15.98,5,58.88,58,251.11,335,0
11063,25,Male,1,57,11.68,7,23.11,88,89.28,176,0
11064,55,Male,2,101,7.88,12,37.45,61,106.57,31,0
11065,57,Male,1,98,6.41,16,35.38,19,100.29,280,0
11066,38,Female,3,62,10.88,13,30.88,92,528.39,265,0
11067,67,Male,1,101,8.77,25,44.59,45,778.99,110,1
11068,51,Female,2,41,12.62,17,47.43,85,191.39,74,1
11069,35,Male,3,50,6.19,2,47.28,24,141.96,316,0
11070,18,Male,1,101,15.05,14,26.84,109,109.61,285,0
11071,53,Female,2,45,12.26,15,17.13,34,175.24,109,1
11072,29,Male,2,91,12.56,3,44.8,116,113.93,256,0
11073,58,Male,2,54,17.56,11,33.66,45,162.24,88,0
11074,45,Female,1,36,10.05,22,67.66,87,241.56,66,0
11075,42,Male,1,26,8.9,10,68.33,60,127.57,242,0
11076,26,Female,2,73,9.61,12,69.87,9,150.94,304,0
11077,55,Female,2,58,11.03,7,27.37,11,151.43,336,0
11078,26,Male,2,44,11.44,3,49.26,48,136.6,169,0
11079,40,Male,1,89,8.48,9,53.63,23,124.02,52,0
11080,62,Male,2,0,3.71,20,52.0,73,317.13,199,0
11081,66,Male,2,11,9.56,25,35.86,16,43.97,249,0
11082,70,Male,1,116,13.24,17,59.55,70,597.48,355,0
11083,68,Female,2,80,12.35,21,41.01,24,194.51,41,0
11084,47,Male,1,66,16.6,17,42.86,21,281.63,240,0
11085,28,Female,2,1,19.62,17,18.7,44,308.08,187,0
11086,62,Male,3,72,14.84,12,50.35,69,100.74,215,1
11087,60,Male,2,52,17.33,3,37.22,47,85.76,33,0
11088,70,Male,2,72,14.87,11,47.74,41,78.23,6,0
11089,52,Female,1,4,18.64,22,44.41,40,144.33,221,0
11090,25,Male,1,66,19.2,14,43.62,40,301.92,72,0
11091,44,Male,1,69,15.6,20,40.34,48,110.99,224,0
11092,41,Female,3,35,14.63,3,52.41,100,281.17,9,0
11093,62,Female,3,6,10.98,6,38.12,69,27.6,293,0
11094,38,Male,1,117,11.63,9,19.9,50,129.55,121,1
11095,35,Female,1,85,10.45,10,49.25,89,434.92,165,0
11096,22,Male,2,75,14.29,25,29.27,63,153.15,126,0
11097,62,Male,2,92,8.92,13,21.8,113,91.66,153,0
11098,58,Male,2,81,11.04,17,26.18,67,104.84,194,0
11099,20,Male,2,16,2.38,17,45.11,25,16.49,236,0
11100,40,Male,3,55,18.69,12,39.6,67,79.49,252,0
11101,43,Female,1,107,10.92,25,10.08,92,399.19,362,0
11102,42,Male,2,34,13.62,7,35.44,25,111.09,65,0
11103,66,Female,2,117,17.63,2,57.95,24,121.81,319,0
11104,25,Female,1,7,13.0,19,34.46,71,28.39,220,0
11105,34,Female,3,40,17.58,17,38.6,106,49.04,113,0
11106,27,Female,1,42,6.83,8,56.12,40,442.76,335,0
11107,30,Female,2,74,21.39,22,52.53,60,283.23,258,0
11108,66,Female,2,21,16.15,5,55.82,78,63.61,67,0
11109,67,Male,3,27,12.64,8,3.0,79,107.01,63,1
11110,20,Male,2,80,17.5,5,66.14,17,171.06,241,0
11111,51,Male,2,34,7.13,6,50.23,47,68.84,267,0
11112,30,Female,3,106,10.65,19,76.69,119,36.66,16,0
11113,28,Male,3,105,17.58,18,29.66,106,154.56,229,0
11114,33,Female,2,36,4.33,17,15.43,92,273.53,194,1
11115,28,Male,3,67,14.04,22,41.1,2,277.67,354,0
11116,43,Female,1,40,13.93,3,37.01,50,346.36,271,0
11117,70,Male,2,41,19.68,16,50.48,6,52.09,332,0
11118,49,Male,3,81,5.47,4,56.59,36,183.08,12,0
11119,56,Male,1,35,18.24,24,39.73,103,141.94,279,0
11120,44,Male,2,18,9.56,17,37.51,46,163.49,122,0
11121,18,Male,3,31,10.01,20,48.58,20,148.35,202,0
11122,22,Male,3,112,6.91,15,37.28,86,104.55,321,0
11123,32,Male,3,31,7.45,11,36.07,91,16.63,318,0
11124,30,Male,2,44,13.41,18,56.04,78,433.12,82,1
11125,62,Male,3,76,7.35,22,59.27,97,226.37,87,0
11126,62,Male,1,12,14.76,6,56.72,84,54.98,264,0
11127,63,Male,2,32,9.15,22,38.56,76,253.11,321,0
11128,51,Male,2,21,6.95,19,9.97,106,123.46,224,0
11129,47,Male,3,111,9.69,4,38.85,38,126.22,19,0
11130,52,Male,3,112,13.15,24,30.01,54,96.1,59,0
11131,39,Male,2,91,10.69,6,39.12,67,266.03,274,0
11132,53,Female,2,29,11.94,16,31.27,80,93.78,271,0
11133,60,Female,2,74,14.58,5,40.7,57,74.39,328,0
11134,58,Female,2,80,16.13,6,25.93,52,423.07,194,0
11135,50,Male,2,105,10.56,17,22.43,19,152.21,156,0
11136,21,Female,1,18,7.62,18,58.73,76,155.98,41,1
11137,56,Male,2,89,12.1,18,26.94,14,300.34,286,0
11138,37,Female,3,23,13.68,10,41.0,56,103.97,347,0
11139,57,Female,2,68,5.96,21,54.84,49,121.47,16,0
11140,46,Female,3,106,8.24,3,54.26,93,222.13,180,0
11141,64,Female,2,7,8.92,22,52.53,57,52.59,130,0
11142,35,Male,2,17,10.97,9,45.39,0,207.94,272,0
11143,67,Female,1,98,8.76,16,51.5,60,97.06,279,0
11144,62,Female,2,2,14.63,23,60.91,25,341.06,79,1
11145,35,Male,2,82,5.38,8,47.16,45,268.05,348,0
11146,43,Female,1,60,5.48,11,14.36,35,241.81,50,0
11147,46,Male,1,41,10.46,21,33.34,19,49.97,285,0
11148,58,Female,2,104,11.1,22,51.1,113,161.44,271,0
11149,54,Female,2,102,5.98,7,31.91,30,69.86,59,0
11150,63,Male,2,39,9.37,14,64.49,60,170.04,246,0
11151,37,Female,1,0,10.2,9,40.08,99,28.76,98,0
11152,44,Male,2,15,10.23,14,42.24,43,52.61,100,0
11153,40,Female,2,12,12.41,11,57.31,112,442.41,31,1
11154,66,Female,2,118,9.15,2,38.35,48,233.38,273,0
11155,34,Female,2,72,17.71,24,43.56,113,132.8,295,1
11156,49,Female,1,81,13.75,17,54.04,54,86.14,184,0
11157,24,Male,3,27,8.57,13,19.65,1,75.12,283,0
11158,63,Male,1,102,12.18,4,36.86,104,204.57,127,0
11159,38,Male,2,87,12.3,3,53.02,103,133.85,206,0
11160,36,Male,1,91,16.66,13,41.95,115,584.74,288,1
11161,48,Male,2,56,9.4,17,62.28,14,151.51,157,0
11162,44,Male,1,84,14.87,8,18.15,101,183.2,225,1
11163,62,Male,3,65,11.97,19,16.49,40,59.25,53,0
11164,46,Male,2,46,17.77,11,52.16,100,132.08,185,0
11165,45,Female,2,71,16.96,2,53.55,115,200.91,311,0
11166,23,Male,1,39,12.59,14,38.2,23,130.84,282,0
11167,19,Female,1,115,10.75,6,46.81,44,119.82,109,0
11168,39,Male,2,86,13.83,2,51.81,32,225.83,199,0
11169,70,Male,2,89,11.08,5,29.2,36,570.41,226,0
11170,66,Male,2,86,18.52,8,30.75,71,195.95,343,0
11171,51,Male,3,54,12.11,14,43.75,49,427.2,303,0
11172,51,Male,2,115,10.18,25,54.11,78,284.19,299,0
11173,38,Male,3,25,9.96,7,24.09,80,407.72,275,1
11174,27,Male,1,68,6.95,3,38.13,24,108.77,131,0
11175,18,Male,3,8,14.03,6,37.46,5,148.92,137,0
11176,35,Female,2,35,8.52,9,47.06,89,149.4,170,0
11177,34,Male,2,69,16.19,6,40.87,21,267.97,155,0
11178,28,Female,3,59,6.63,9,33.08,23,324.69,350,0
11179,31,Male,2,113,12.31,25,59.1,72,192.93,320,0
11180,19,Female,3,74,16.4,11,33.18,31,346.75,327,0
11181,50,Female,2,49,3.19,17,36.76,22,112.77,222,0
11182,67,Female,1,51,19.87,18,17.92,36,349.11,69,1
11183,54,Female,2,74,10.1,5,30.65,62,386.49,52,1
11184,41,Male,2,95,12.36,7,48.48,101,296.85,100,0
11185,40,Female,3,33,14.09,11,45.65,118,194.31,238,0
11186,34,Male,3,70,14.7,13,49.69,87,305.26,133,0
11187,25,Female,1,69,12.9,2,48.99,107,87.14,239,0
11188,49,Female,1,1,15.79,17,71.27,63,204.28,322,0
11189,48,Male,1,110,13.88,9,30.16,48,221.23,122,0
11190,18,Female,2,68,18.84,9,17.52,98,62.04,339,0
11191,40,Male,1,29,13.89,16,25.77,36,253.4,187,0
11192,32,Female,2,76,19.66,24,30.8,97,66.07,293,0
11193,27,Female,2,82,15.4,22,26.87,119,125.34,21,0
11194,55,Male,3,110,4.58,25,42.36,46,180.51,100,0
11195,45,Female,1,4,22.24,11,59.16,76,98.97,340,0
11196,51,Female,2,50,9.5,4,63.33,93,186.64,324,0
11197,55,Male,1,21,17.78,7,48.31,94,184.32,208,0
11198,70,Male,3,69,11.91,10,72.05,24,92.3,12,0
11199,60,Male,1,60,16.04,9,35.83,115,272.55,21,1
11200,50,Female,1,57,9.05,6,17.33,60,96.42,154,0
11201,64,Male,1,118,14.3,5,56.27,5,1042.53,328,0
11202,43,Female,3,64,10.79,6,14.34,14,160.68,138,0
11203,70,Female,1,49,18.12,17,30.05,87,70.19,323,0
11204,58,Male,2,8,13.55,13,48.54,51,81.21,195,0
11205,52,Male,3,35,15.54,2,39.52,12,428.33,49,0
11206,65,Female,3,108,3.14,15,38.23,62,127.19,205,0
11207,45,Female,1,54,11.46,22,23.88,71,60.4,133,1
11208,56,Male,1,110,13.44,12,40.84,9,340.59,82,0
11209,33,Male,2,64,12.69,9,55.55,42,126.55,247,0
11210,69,Male,1,66,15.64,8,41.29,55,291.33,74,0
11211,51,Female,2,52,10.34,11,28.96,93,363.05,331,0
11212,59,Male,2,67,12.0,8,22.91,78,216.78,294,0
11213,42,Female,2,8,16.52,24,29.26,10,1134.1,286,1
11214,63,Male,1,6,2.69,25,46.69,73,45.58,27,0
11215,21,Female,2,57,14.16,10,45.98,108,92.46,351,0
11216,24,Male,1,72,10.46,24,29.39,6,143.33,180,0
11217,44,Male,2,66,8.15,22,8.94,118,1020.96,268,1
11218,56,Female,1,51,13.15,3,47.09,11,711.4,70,1
11219,60,Female,3,35,16.71,13,27.98,74,478.17,281,1
11220,41,Male,2,85,15.96,17,50.99,42,94.2,116,0
11221,52,Male,1,73,11.26,12,30.04,87,103.16,258,0
11222,47,Male,1,5,15.3,12,26.68,101,91.7,101,0
11223,68,Male,2,54,15.27,13,43.22,102,94.98,341,0
11224,52,Male,1,86,11.45,18,75.19,104,560.65,259,0
11225,40,Female,1,94,9.03,9,51.86,97,144.7,165,0
11226,69,Male,3,34,9.26,16,42.98,37,160.42,166,0
11227,23,Female,2,111,15.15,7,46.2,55,320.16,0,0
11228,70,Male,1,78,11.63,23,15.61,86,47.81,109,0
11229,26,Male,2,52,7.62,4,24.73,20,182.34,288,0
11230,33,Female,1,75,5.06,3,4.59,69,74.38,304,0
11231,61,Male,3,105,15.13,2,66.08,63,139.09,365,0
11232,56,Female,1,27,9.61,10,63.15,118,110.76,31,1
11233,69,Male,2,18,13.12,16,46.7,5,106.4,91,0
11234,57,Female,3,53,16.76,25,42.96,11,208.67,280,0
11235,51,Female,1,10,6.56,12,18.5,3,207.96,132,0
11236,36,Female,1,101,11.62,6,37.82,65,147.43,90,0
11237,18,Male,2,117,11.12,10,66.99,66,233.67,102,0
11238,24,Male,3,73,13.32,5,42.91,71,88.88,335,0
11239,33,Male,2,118,16.76,13,32.81,29,297.8,313,1
11240,20,Female,2,8,6.48,19,15.51,36,149.0,2,0
11241,44,Male,3,76,14.08,2,61.01,50,120.0,307,0
11242,59,Male,3,53,15.93,20,39.98,5,94.15,203,0
11243,69,Male,2,33,11.05,7,15.53,90,144.97,309,0
11244,43,Male,2,37,11.25,18,27.6,6,752.86,227,0
11245,64,Male,2,65,13.47,21,22.48,80,166.57,251,1
11246,70,Male,1,77,13.18,20,39.09,54,71.68,211,0
11247,63,Male,3,19,14.13,18,44.01,119,358.33,268,1
11248,42,Female,1,74,14.05,18,33.7,83,121.11,298,0
11249,35,Male,1,112,7.87,6,52.27,57,218.35,186,0
11250,69,Male,3,1,15.76,5,42.14,84,109.11,41,0
11251,30,Female,2,106,16.47,11,56.4,14,475.23,34,0
11252,39,Female,1,73,12.54,16,35.82,21,110.39,152,0
11253,21,Male,1,41,5.82,16,85.16,59,520.67,173,0
11254,60,Female,2,88,11.34,20,32.81,102,77.2,316,0
11255,52,Female,3,74,12.58,9,27.9,98,139.26,12,0
11256,22,Female,1,93,7.22,22,26.12,45,521.54,325,0
11257,29,Female,1,9,10.36,12,37.94,34,199.53,20,0
11258,47,Female,2,7,6.16,7,16.07,115,1029.19,182,1
11259,46,Male,3,77,14.23,19,45.27,67,141.86,154,0
11260,60,Male,1,36,12.46,5,13.37,14,213.85,204,0
11261,32,Female,3,28,5.22,11,43.34,26,773.4,15,1
11262,67,Female,3,50,13.21,20,21.41,100,53.73,279,0
11263,41,Male,1,87,11.57,20,35.47,107,48.78,49,0
11264,61,Male,3,21,13.87,8,49.77,109,94.09,285,0
11265,30,Female,2,117,10.23,5,74.41,0,330.04,207,0
11266,19,Male,2,50,8.59,2,25.37,98,49.85,325,0
11267,20,Female,2,18,8.72,4,38.82,13,278.8,358,0
11268,37,Male,3,8,9.65,21,30.51,97,263.91,308,0
11269,68,Female,3,103,11.88,20,28.39,105,842.19,165,1
11270,20,Female,3,13,12.39,14,30.63,43,395.54,151,0
11271,37,Female,3,50,11.04,15,52.95,23,232.47,242,0
11272,23,Female,2,80,10.11,9,33.92,85,505.18,237,1
11273,67,Female,3,62,10.39,6,73.62,8,266.44,289,0
11274,53,Female,3,31,21.83,2,47.03,69,122.23,176,0
11275,58,Female,1,13,8.72,18,26.35,39,71.66,169,0
11276,55,Male,1,86,9.57,2,35.68,50,112.24,43,0
11277,52,Female,2,59,24.98,4,29.37,99,169.61,61,1
11278,59,Male,3,5,13.48,21,52.6,119,200.6,300,0
11279,18,Female,1,21,6.28,15,17.24,48,33.09,362,0
11280,63,Female,2,68,15.17,13,21.56,34,147.46,220,0
11281,57,Male,1,20,8.16,7,32.42,100,178.95,125,0
11282,57,Male,2,47,15.44,5,50.9,49,268.24,21,0
11283,38,Male,2,15,10.96,13,58.88,23,622.47,15,0
11284,60,Female,1,96,10.04,10,61.02,108,202.27,247,0
11285,38,Male,3,76,18.24,14,48.68,119,86.08,234,0
11286,20,Male,1,94,14.07,5,39.8,34,42.38,103,0
11287,66,Female,3,6,15.69,7,52.52,18,299.06,69,0
11288,30,Female,1,45,13.54,4,24.4,18,88.85,25,0
11289,23,Male,3,32,10.02,12,14.25,71,344.1,249,0
11290,50,Male,2,75,14.25,8,47.33,37,520.49,222,0
11291,30,Female,1,99,16.64,7,26.42,74,52.48,121,0
11292,63,Female,1,27,12.34,15,40.05,91,269.57,267,0
11293,41,Female,1,93,19.01,13,42.73,0,479.64,309,0
11294,18,Male,2,70,15.2,7,44.6,103,387.47,189,1
11295,68,Male,3,99,12.65,18,54.6,3,34.11,96,0
11296,45,Male,2,9,12.81,10,53.07,13,89.92,2,0
11297,31,Female,2,119,12.35,10,43.83,86,64.47,291,0
11298,53,Male,2,52,6.8,13,34.59,74,263.25,211,0
11299,46,Male,2,33,11.44,5,42.56,117,241.58,127,0
11300,19,Female,2,22,12.68,12,32.35,68,21.34,2,0
11301,58,Female,2,119,10.14,15,38.15,50,138.4,297,0
11302,39,Female,2,106,13.15,5,78.96,80,326.8,339,0
11303,55,Male,3,15,11.89,15,43.64,91,196.41,176,0
11304,65,Male,2,53,14.89,2,47.53,80,196.15,97,0
11305,50,Male,1,88,14.45,16,30.77,44,131.64,226,0
11306,53,Male,1,71,12.47,2,55.79,115,76.62,318,0
11307,31,Female,2,22,6.33,6,52.02,36,172.69,214,0
11308,30,Male,2,43,18.96,10,52.13,41,182.26,4,0
11309,39,Female,3,44,11.23,16,44.12,33,282.78,71,0
11310,63,Female,2,34,11.48,19,56.0,35,301.28,35,0
11311,45,Female,2,116,10.43,13,59.44,25,187.12,150,0
11312,36,Male,3,24,9.85,5,45.1,69,411.09,165,0
11313,59,Male,1,85,17.98,11,39.34,87,130.63,195,0
11314,63,Male,3,110,17.34,20,53.97,51,56.74,277,0
11315,65,Male,1,96,13.58,4,27.89,110,253.89,41,1
11316,33,Male,2,96,11.37,19,30.59,56,193.13,344,0
11317,55,Male,3,19,14.28,11,40.23,56,257.85,96,0
11318,49,Female,3,16,12.1,2,15.75,8,65.27,190,0
11319,41,Male,3,94,11.04,18,53.0,108,707.41,77,1
11320,39,Female,2,90,13.15,2,27.04,17,304.59,130,0
11321,24,Male,3,89,10.04,10,34.16,19,139.79,304,0
11322,32,Male,2,50,12.81,6,37.91,112,84.36,16,0
11323,47,Male,2,63,12.62,16,41.57,62,405.44,176,0
11324,64,Male,1,1,14.21,3,36.02,8,74.1,213,0
11325,63,Male,1,35,9.32,4,40.02,53,1021.12,208,0
11326,27,Female,2,63,14.64,14,40.14,70,108.47,139,0
11327,54,Male,1,15,8.17,25,34.52,1,669.67,138,1
11328,22,Male,3,15,9.51,2,29.79,90,151.55,332,0
11329,53,Female,3,5,9.68,13,56.68,80,600.5,88,0
11330,36,Male,3,25,7.51,21,10.49,1,98.65,175,0
11331,41,Female,1,120,15.86,8,38.02,74,177.59,133,1
11332,56,Male,3,84,7.92,13,34.2,26,327.83,280,0
11333,40,Female,1,114,9.0,22,47.07,88,293.3,294,1
11334,60,Male,2,31,16.82,19,19.91,45,412.97,310,1
11335,46,Male,3,72,9.52,9,33.75,24,119.65,31,0
11336,70,Female,1,107,11.05,20,39.52,60,186.97,35,0
11337,51,Female,1,42,7.75,18,56.52,53,463.37,137,0
11338,33,Male,1,79,15.13,14,45.82,40,100.96,161,0
11339,59,Female,2,83,15.19,12,23.84,105,273.52,23,0
11340,39,Male,3,100,14.76,24,33.93,77,147.5,327,0
11341,46,Male,1,117,13.95,22,53.85,58,205.48,328,0
11342,25,Male,1,74,12.09,25,23.59,27,186.93,155,0
11343,24,Female,2,70,9.7,18,39.86,68,94.63,281,0
11344,48,Male,1,105,8.54,10,40.87,3,142.8,206,0
11345,27,Female,2,82,16.96,4,35.41,106,195.94,240,0
11346,70,Male,3,43,14.86,5,80.09,0,161.53,319,0
11347,63,Female,3,76,9.03,24,35.02,83,596.76,33,1
11348,55,Female,3,66,11.96,10,47.52,41,384.73,85,0
11349,56,Male,2,27,10.6,4,29.89,86,219.42,156,0
11350,49,Male,3,62,7.29,7,48.65,43,96.5,327,0
11351,21,Male,1,75,12.51,2,53.63,3,92.02,216,0
11352,38,Female,1,109,10.14,14,32.47,113,815.95,145,1
11353,44,Male,2,70,7.99,16,40.21,91,79.6,10,0
11354,66,Female,1,19,5.88,11,28.02,5,191.25,217,0
11355,29,Male,3,119,5.54,19,24.41,3,231.9,98,0
11356,44,Female,2,69,10.31,13,56.03,63,137.27,120,0
11357,36,Male,3,34,11.46,25,32.97,114,80.08,364,0
11358,25,Male,1,91,8.3,20,6.0,69,94.88,192,1
11359,23,Female,2,46,14.4,3,66.6,1,114.26,50,0
11360,37,Male,3,44,11.54,8,29.37,83,100.62,18,1
11361,22,Female,1,101,14.11,20,37.43,51,492.95,142,0
11362,21,Male,2,104,11.07,14,64.79,76,173.76,23,0
11363,36,Male,2,63,8.65,20,38.94,42,116.31,156,0
11364,28,Female,3,45,12.26,10,38.63,0,190.23,151,0
11365,47,Female,3,104,6.75,2,23.19,2,294.65,321,0
11366,18,Female,1,20,13.96,20,17.29,75,133.75,122,0
11367,33,Male,2,90,8.05,20,38.59,76,353.66,101,1
11368,42,Male,2,70,15.47,17,46.26,38,64.93,225,0
11369,69,Male,1,103,10.45,11,45.43,9,436.33,233,0
11370,51,Female,2,50,16.05,2,34.02,92,173.78,13,1
11371,64,Male,1,100,7.31,19,41.29,18,168.57,30,0
11372,36,Male,1,1,9.09,17,14.36,22,101.92,61,0
11373,41,Male,2,91,13.32,18,47.67,54,67.16,284,0
11374,40,Male,1,8,16.48,6,43.34,85,47.69,76,0
11375,65,Male,2,77,18.47,19,69.62,119,96.53,363,0
11376,68,Male,1,23,11.97,19,41.11,75,276.77,161,0
11377,69,Female,2,116,19.15,22,27.33,115,82.68,341,1
11378,57,Female,1,93,10.64,15,40.26,78,52.3,90,0
11379,44,Male,3,12,16.2,19,36.25,101,86.12,155,0
11380,46,Female,1,107,8.03,11,47.3,21,129.62,50,0
11381,69,Female,2,30,13.48,18,41.39,6,133.66,309,0
11382,33,Male,2,66,2.43,18,22.73,80,158.26,218,0
11383,36,Male,1,10,7.31,20,17.28,117,391.59,27,1
11384,65,Male,2,12,13.67,22,44.81,88,463.68,272,0
11385,38,Male,3,29,6.55,2,61.06,41,836.35,324,0
11386,30,Female,3,64,13.51,20,42.15,58,49.27,250,0
11387,47,Female,1,65,15.43,21,52.79,13,89.77,295,0
11388,35,Male,1,103,9.79,15,55.69,40,301.75,101,0
11389,65,Female,2,19,7.92,14,44.87,81,122.81,158,0
11390,66,Male,2,90,9.9,19,29.19,19,342.48,312,0
11391,34,Female,1,0,7.94,12,43.83,57,205.68,222,0
11392,46,Female,3,35,11.4,11,58.5,34,599.78,223,0
11393,70,Male,2,21,12.21,21,48.68,58,394.69,280,0
11394,57,Male,2,14,10.58,20,51.85,91,400.37,224,0
11395,29,Female,2,70,18.5,6,34.29,106,126.92,46,1
11396,49,Female,2,108,8.92,21,38.07,49,162.19,77,0
11397,50,Male,1,80,17.37,9,39.28,99,137.92,284,0
11398,52,Male,3,103,7.64,5,40.26,84,54.07,88,0
11399,19,Male,1,71,12.09,23,57.94,110,551.57,243,0
11400,33,Female,3,6,16.53,7,6.97,88,313.0,173,0
11401,63,Female,3,41,16.33,6,41.44,66,133.71,227,0
11402,30,Female,3,99,10.12,8,39.85,80,484.14,87,1
11403,33,Female,1,5,14.02,13,21.11,38,107.03,113,0
11404,35,Female,1,11,13.48,5,50.74,80,41.72,251,0
11405,27,Female,2,100,9.64,5,30.49,85,383.96,62,1
11406,26,Male,2,7,14.26,11,35.82,73,64.55,112,0
11407,36,Female,3,116,19.25,7,67.81,12,150.22,365,0
11408,64,Male,2,91,13.69,6,55.64,62,205.52,55,0
11409,18,Male,3,80,14.07,23,49.33,85,236.38,211,1
11410,33,Female,1,64,14.49,16,46.52,23,339.18,55,0
11411,21,Female,2,10,5.96,2,38.61,94,275.3,258,0
11412,47,Female,1,50,13.64,4,69.99,101,268.73,46,0
11413,31,Male,3,97,7.73,21,52.63,64,94.44,210,0
11414,59,Female,1,109,9.44,8,30.13,115,220.15,160,1
11415,49,Male,1,54,20.45,5,20.7,102,54.08,253,0
11416,59,Male,3,101,10.79,17,49.22,55,591.85,1,1
11417,51,Male,2,93,8.84,22,40.19,106,58.6,188,0
11418,41,Female,1,6,16.41,11,20.28,111,133.56,198,1
11419,63,Male,1,75,8.01,19,47.21,12,62.56,88,0
11420,43,Female,2,74,10.01,12,37.1,119,99.01,109,1
11421,68,Male,1,65,16.8,4,48.69,0,176.84,258,0
11422,70,Male,1,93,11.97,21,47.41,58,115.86,202,0
11423,49,Female,2,107,5.55,24,32.18,112,427.22,211,1
11424,53,Male,1,66,13.98,25,50.18,86,208.88,342,0
11425,31,Female,2,38,10.21,4,33.78,32,121.96,148,0
11426,61,Female,2,118,17.96,15,34.72,77,157.68,318,0
11427,53,Male,1,116,9.38,16,33.28,25,453.12,356,0
11428,65,Female,1,83,16.0,3,57.4,28,355.56,210,0
11429,32,Female,1,77,18.9,24,36.93,109,71.99,77,0
11430,59,Female,1,12,8.4,4,60.9,5,102.91,153,0
11431,42,Female,1,48,11.03,8,66.86,115,253.44,17,0
11432,27,Female,3,23,13.35,25,30.29,54,230.54,255,0
11433,27,Female,3,62,8.37,15,3.0,7,77.13,100,0
11434,47,Male,2,99,12.88,18,56.15,94,313.91,337,0
11435,34,Female,2,27,10.9,13,36.04,5,87.35,239,0
11436,23,Female,2,120,10.82,20,28.44,39,483.85,179,1
11437,40,Female,3,15,12.0,3,32.46,28,264.48,68,0
11438,52,Female,1,11,12.09,18,34.99,94,72.38,36,0
11439,34,Male,1,117,12.46,3,59.81,47,115.83,246,0
11440,68,Female,1,12,9.4,6,43.32,78,114.27,280,0
11441,59,Female,1,88,9.58,14,59.61,8,198.24,97,0
11442,45,Male,1,92,11.33,12,48.17,83,149.26,3,1
11443,67,Male,3,39,11.62,5,36.52,85,71.62,117,0
11444,40,Female,3,7,10.04,21,35.34,34,58.98,279,0
11445,25,Male,1,37,13.1,9,49.14,105,268.55,212,0
11446,19,Female,2,8,4.54,22,52.9,56,218.78,31,0
11447,67,Male,2,81,8.88,2,55.45,80,190.02,42,0
11448,68,Male,2,107,10.68,7,37.21,21,216.15,39,0
11449,57,Female,2,120,8.38,9,43.54,111,107.99,277,0
11450,23,Female,1,96,18.32,16,49.47,29,202.01,286,1
11451,33,Female,3,93,11.88,11,35.43,75,1267.52,149,1
11452,20,Female,3,106,12.51,5,24.54,10,437.44,252,0
11453,20,Female,2,93,9.87,15,29.31,5,139.75,7,0
11454,31,Female,2,78,11.74,24,37.5,15,116.34,205,0
11455,48,Female,2,120,6.94,5,50.6,113,18.8,99,0
11456,21,Female,2,39,11.12,8,59.26,25,402.77,300,0
11457,70,Female,1,49,8.05,13,21.34,105,323.22,178,0
11458,42,Male,2,109,10.69,19,32.34,69,114.5,311,0
11459,31,Male,1,37,1.56,5,35.81,10,57.29,206,0
11460,45,Female,3,36,7.29,7,52.52,52,71.07,167,0
11461,59,Female,2,18,17.66,7,33.34,57,247.5,346,0
11462,34,Female,2,33,15.12,16,34.77,32,163.22,364,0
11463,20,Male,2,71,17.08,3,20.53,72,300.13,166,0
11464,20,Female,3,107,17.35,17,48.01,103,187.21,130,1
11465,63,Male,1,16,14.49,12,38.66,106,371.99,236,1
11466,23,Female,1,82,9.99,9,31.52,63,233.47,62,0
11467,51,Female,1,92,7.65,22,37.24,107,334.04,141,0
11468,38,Female,2,108,16.39,21,57.34,110,34.29,309,0
11469,59,Female,3,90,12.06,21,26.43,10,66.82,328,0
11470,21,Male,1,18,21.78,23,28.8,76,131.71,152,1
11471,65,Male,3,59,10.34,7,59.16,92,406.2,142,0
11472,55,Female,1,115,19.69,22,42.1,1,758.69,320,1
11473,41,Female,2,109,11.17,6,50.71,72,153.96,73,0
11474,28,Male,1,74,17.14,9,46.83,109,108.61,22,0
11475,69,Male,2,116,18.59,15,40.49,32,38.09,26,0
11476,34,Male,2,80,7.71,19,35.95,102,343.22,40,1
11477,43,Male,2,7,9.86,15,53.06,112,113.94,322,0
11478,38,Male,1,110,7.67,15,57.85,76,1758.62,14,1
11479,30,Male,3,20,6.88,11,56.72,75,98.3,121,0
11480,40,Female,3,46,14.47,16,23.81,64,904.06,220,1
11481,26,Male,2,28,11.01,13,59.92,49,313.72,222,0
11482,18,Male,2,87,12.01,13,35.81,54,78.47,304,0
11483,33,Male,3,3,14.02,16,30.05,62,209.74,359,0
11484,23,Male,1,77,4.37,16,38.54,57,319.41,147,0
11485,39,Female,3,104,16.95,9,53.05,99,146.8,85,0
11486,63,Male,1,95,10.4,5,48.84,92,336.44,33,0
11487,26,Female,3,37,13.93,9,37.3,41,330.71,326,0
11488,18,Female,1,108,14.28,11,53.15,61,278.64,136,0
11489,23,Male,1,43,17.28,5,43.03,25,172.77,328,0
11490,44,Female,2,82,11.38,6,32.69,21,69.99,127,0
11491,32,Female,2,61,3.31,24,30.73,44,164.83,276,0
11492,43,Male,3,8,12.03,8,46.95,6,200.76,235,0
11493,19,Male,3,0,12.6,19,39.8,102,40.51,261,0
11494,35,Female,1,22,7.66,5,21.06,15,199.69,238,0
11495,39,Female,1,113,12.39,25,53.28,39,162.27,112,0
11496,40,Female,2,115,10.36,7,34.04,30,63.65,37,0
11497,47,Female,2,49,6.43,11,64.09,24,134.97,3,0
11498,59,Male,2,117,14.49,20,20.66,44,137.21,153,0
11499,42,Female,3,5,9.55,6,38.38,86,788.6,326,0
11500,62,Male,3,117,10.17,15,30.85,107,207.78,235,0
11501,46,Male,1,27,9.95,20,26.86,22,392.64,246,0
11502,31,Female,2,4,16.74,2,33.94,28,159.64,94,0
11503,30,Female,2,91,11.64,2,66.67,56,40.57,177,0
11504,35,Female,2,46,12.12,20,43.08,38,295.66,148,0
11505,49,Male,1,35,10.04,8,29.52,95,104.73,49,0
11506,30,Male,2,91,13.65,23,14.48,26,134.7,224,0
11507,66,Female,2,40,17.2,24,16.04,48,76.97,133,1
11508,43,Female,1,91,14.39,23,33.22,65,185.22,147,0
11509,63,Female,3,23,14.55,25,31.81,45,401.67,218,0
11510,54,Female,2,10,14.22,21,37.75,74,362.25,11,0
11511,35,Male,2,39,6.28,11,8.05,95,603.06,342,0
11512,30,Male,2,73,8.3,25,39.67,63,673.57,81,1
11513,57,Male,3,27,10.98,10,55.9,54,35.48,248,0
11514,35,Male,1,17,8.9,16,64.53,114,68.98,284,0
11515,31,Male,1,90,7.54,2,13.53,117,42.71,56,1
11516,67,Female,1,59,4.31,25,29.38,119,286.49,90,1
11517,43,Male,2,52,6.41,16,28.61,1,101.92,150,0
11518,20,Male,1,29,10.77,24,43.11,100,119.49,299,0
11519,44,Female,3,2,11.52,10,23.31,107,147.8,232,0
11520,42,Male,1,6,8.63,9,65.39,96,235.85,170,0
11521,63,Male,1,82,12.12,14,41.63,89,54.94,310,0
11522,55,Female,2,9,10.06,22,39.21,43,65.55,173,0
11523,28,Male,3,29,16.16,15,64.09,87,175.18,324,0
11524,25,Female,3,110,11.15,21,40.77,69,445.77,282,0
11525,49,Female,2,41,14.59,7,46.8,99,171.57,63,1
11526,20,Male,2,90,12.61,20,30.11,42,94.38,140,0
11527,34,Female,2,41,6.19,19,21.13,89,32.76,9,0
11528,25,Female,2,112,11.44,23,32.15,94,367.92,87,1
11529,19,Female,1,99,6.86,3,72.71,100,98.57,8,0
11530,66,Female,2,56,11.37,11,50.18,20,71.51,38,0
11531,22,Female,3,82,8.82,4,44.98,103,45.92,1,0
11532,18,Female,1,50,13.33,11,26.84,26,56.96,245,0
11533,67,Female,2,114,6.43,20,54.21,112,82.69,149,0
11534,27,Male,2,43,11.86,17,21.31,4,145.25,171,0
11535,61,Female,2,101,14.09,20,18.28,26,68.17,279,0
11536,19,Female,1,74,15.43,19,32.9,73,202.28,296,1
11537,26,Female,2,77,8.74,25,69.34,65,144.4,195,0
11538,23,Male,3,42,11.87,23,68.52,82,990.23,167,1
11539,55,Male,1,100,12.54,16,34.46,48,46.31,237,1
11540,50,Male,2,90,17.99,23,31.22,0,198.49,151,0
11541,43,Male,1,98,5.87,3,17.21,74,200.44,161,0
11542,30,Male,1,96,8.16,19,42.13,61,78.33,109,0
11543,22,Male,3,19,23.02,14,43.35,61,188.5,69,1
11544,48,Male,2,105,10.71,24,52.45,45,318.96,72,0
11545,30,Female,2,101,4.24,14,54.21,106,188.68,239,0
11546,49,Male,1,29,9.47,6,38.14,95,515.26,303,1
11547,54,Female,3,118,0.72,19,49.06,21,32.01,155,0
11548,63,Male,1,63,12.76,24,30.84,4,90.73,34,0
11549,44,Male,2,38,15.04,2,48.79,21,552.98,223,0
11550,18,Male,1,27,8.15,3,33.65,5,356.44,330,0
11551,32,Female,1,44,9.92,17,47.66,85,266.77,193,0
11552,63,Male,2,4,15.49,15,46.49,74,457.92,9,0
11553,46,Female,1,83,4.8,15,42.0,55,39.25,29,0
11554,50,Female,2,85,6.51,4,52.52,70,325.5,191,0
11555,42,Male,1,80,10.89,15,18.23,97,401.41,315,0
11556,26,Female,3,66,8.79,15,25.56,99,104.69,21,0
11557,65,Male,3,43,10.62,22,37.08,52,1360.48,275,1
11558,58,Male,2,87,6.74,11,20.07,71,203.96,285,0
11559,70,Male,1,105,12.66,10,35.1,69,31.64,18,0
11560,63,Male,2,10,11.2,3,35.57,113,235.61,77,0
11561,33,Female,3,46,14.0,15,59.99,91,99.81,1,0
11562,31,Female,1,120,12.6,17,43.07,37,434.19,207,0
11563,31,Female,1,104,12.63,8,55.93,106,268.32,63,1
11564,66,Male,3,120,6.01,19,45.37,47,109.77,335,0
11565,47,Female,1,22,13.77,24,33.23,90,564.93,33,1
11566,42,Male,2,56,10.48,6,42.94,117,364.15,237,0
11567,69,Male,3,15,11.13,15,51.58,97,91.74,287,0
11568,49,Male,1,104,15.99,18,58.3,12,155.43,65,0
11569,66,Female,2,62,8.92,2,39.08,24,261.9,92,0
11570,70,Female,2,29,17.2,6,17.11,95,131.72,291,1
11571,22,Male,1,10,17.58,11,16.09,14,134.82,33,0
11572,37,Female,3,89,14.81,5,36.27,1,180.09,161,0
11573,56,Female,1,98,7.88,10,7.1,30,76.21,91,0
11574,61,Female,2,106,3.05,5,67.03,58,30.67,4,0
11575,25,Female,3,117,16.12,23,49.66,15,210.88,165,0
11576,34,Female,1,98,12.25,16,31.78,18,37.09,178,0
11577,47,Female,3,95,8.82,9,24.91,40,80.66,127,0
11578,60,Female,1,98,16.49,20,55.91,71,43.95,297,0
11579,23,Male,2,120,8.35,2,24.85,65,48.38,35,0
11580,49,Female,1,56,10.1,16,26.24,95,244.04,157,0
11581,33,Male,2,91,13.9,18,29.89,117,147.14,66,1
11582,29,Female,3,99,7.35,21,42.65,3,143.06,277,0
11583,45,Male,3,14,11.36,7,50.0,82,62.7,203,0
11584,39,Male,3,83,16.16,16,58.29,19,104.92,258,0
11585,51,Male,2,40,12.64,20,56.15,43,234.73,39,0
11586,34,Male,3,16,16.79,21,41.01,41,168.03,167,0
11587,61,Male,2,20,16.33,6,55.8,84,332.44,18,0
11588,22,Male,3,13,11.83,25,31.27,30,371.5,118,0
11589,63,Male,2,108,2.45,8,14.6,107,143.75,345,0
11590,19,Male,3,93,7.38,11,31.27,45,41.27,265,0
11591,57,Female,1,12,14.85,6,29.31,97,96.99,28,0
11592,36,Female,2,75,5.6,5,31.84,114,162.16,135,0
11593,38,Female,2,79,10.49,8,27.09,61,95.5,318,0
11594,19,Male,1,62,13.15,5,34.31,12,76.87,62,0
11595,55,Male,1,73,17.68,19,49.99,84,184.78,277,0
11596,26,Female,3,109,9.5,16,65.87,50,1164.94,117,1
11597,52,Male,2,62,9.23,11,15.98,40,119.58,174,0
11598,56,Male,1,79,11.59,15,22.33,54,174.62,320,0
11599,62,Female,2,69,13.2,16,29.52,35,62.89,246,0
11600,55,Female,2,47,11.18,6,52.1,33,461.57,103,0
11601,33,Male,2,107,16.0,9,38.03,118,346.22,3,0
11602,57,Female,3,50,8.6,23,30.5,33,328.08,85,1
11603,61,Male,3,96,12.28,2,51.39,55,505.44,152,0
11604,34,Female,2,73,13.58,24,54.87,85,125.39,48,1
11605,24,Male,2,82,10.2,25,40.73,26,138.23,322,0
11606,65,Male,2,91,15.16,8,29.16,74,664.14,20,1
11607,25,Female,3,89,12.4,9,44.92,107,286.66,197,0
11608,49,Male,1,68,14.96,6,37.62,97,30.99,357,0
11609,30,Female,1,74,12.58,15,37.51,3,249.52,122,0
11610,24,Male,3,61,13.31,7,33.57,48,111.17,196,0
11611,59,Female,3,41,9.27,20,54.41,0,352.61,26,0
11612,25,Female,1,87,9.28,11,44.62,72,240.61,267,0
11613,53,Male,2,106,16.7,25,56.02,39,45.02,357,0
11614,54,Female,2,85,14.34,22,60.38,107,215.83,282,0
11615,21,Male,2,93,7.71,11,47.66,21,206.25,54,0
11616,27,Male,1,100,12.52,16,33.66,102,232.36,128,1
11617,60,Male,1,44,2.3,2,56.08,41,274.16,264,0
11618,44,Female,2,7,9.5,3,47.75,110,562.08,292,0
11619,24,Female,2,40,15.64,14,78.75,23,241.68,147,0
11620,70,Female,2,91,11.3,13,45.5,32,178.15,351,0
11621,32,Female,1,98,12.27,11,51.12,42,428.46,74,1
11622,18,Female,3,62,0.5,4,45.21,118,1006.39,271,1
11623,66,Male,2,94,10.23,22,39.56,88,357.29,181,0
11624,18,Female,3,9,13.15,11,37.25,97,205.54,260,0
11625,47,Female,1,77,13.66,13,45.27,66,245.22,218,0
11626,70,Male,2,82,15.65,11,48.56,95,213.68,158,0
11627,48,Female,3,61,10.96,13,57.74,75,177.55,298,0
11628,48,Male,2,86,11.14,17,45.48,80,947.3,307,1
11629,38,Male,1,59,6.47,20,34.29,100,97.57,299,0
11630,24,Male,1,63,10.98,15,36.26,117,430.79,32,1
11631,48,Male,1,73,6.75,5,21.82,69,158.64,154,0
11632,65,Male,2,96,4.41,22,65.09,52,55.15,274,0
11633,22,Female,2,30,7.46,8,33.15,78,151.09,317,0
11634,64,Female,1,36,17.83,2,55.03,88,114.24,132,0
11635,39,Female,2,50,10.72,2,45.01,118,274.59,271,0
11636,46,Male,1,24,12.68,20,45.4,83,187.92,207,0
11637,26,Male,2,40,9.75,11,39.3,114,78.85,80,1
11638,50,Male,2,42,4.64,2,29.58,87,551.24,326,0
11639,27,Female,1,38,15.54,21,26.96,114,409.56,162,1
11640,32,Male,1,49,3.11,9,66.06,90,603.0,221,0
11641,56,Female,1,61,9.58,25,42.65,106,210.53,105,1
11642,20,Female,1,84,11.58,23,57.32,22,170.19,9,0
11643,41,Female,2,36,12.72,3,61.08,119,302.95,165,0
11644,49,Female,1,102,8.89,18,35.04,41,111.54,264,0
11645,24,Male,1,58,4.45,16,47.14,95,193.68,119,0
11646,33,Female,3,87,8.6,6,41.65,47,152.59,340,0
11647,36,Female,3,13,8.8,10,24.22,54,55.99,274,0
11648,53,Female,1,21,8.71,13,38.31,89,193.29,234,0
11649,69,Female,1,54,15.68,5,49.52,64,124.07,295,0
11650,62,Female,2,44,6.95,19,33.76,85,144.84,315,0
11651,28,Female,3,60,13.0,8,36.29,9,232.42,263,0
11652,18,Male,3,19,12.43,24,38.49,100,472.18,302,1
11653,20,Female,1,57,15.64,21,71.62,49,90.26,261,0
11654,49,Female,1,83,11.27,17,14.41,94,134.6,315,0
11655,26,Male,2,88,14.96,4,48.27,34,96.35,37,0
11656,30,Female,3,30,11.11,2,37.33,71,91.58,125,0
11657,62,Male,3,41,13.54,5,31.71,70,110.06,324,0
11658,64,Female,1,63,5.79,13,36.97,16,150.14,173,0
11659,62,Male,2,62,1.25,20,50.68,56,276.38,5,0
11660,31,Male,1,95,13.31,5,51.51,76,224.69,310,0
11661,50,Female,2,47,13.52,18,43.7,100,76.74,239,0
11662,50,Male,3,81,13.7,3,56.84,106,480.21,333,0
11663,27,Male,2,106,9.7,8,59.4,46,365.56,5,0
11664,47,Male,1,36,17.76,16,52.84,77,86.65,53,0
11665,45,Male,2,99,9.96,21,33.08,20,454.68,186,0
11666,38,Female,2,40,13.48,20,48.17,107,225.83,66,1
11667,57,Female,3,40,14.18,14,48.24,104,154.9,190,0
11668,53,Male,2,79,18.67,2,29.17,119,231.39,126,1
11669,46,Female,3,75,10.53,9,18.24,58,171.52,76,0
11670,56,Male,1,66,9.19,20,11.67,43,267.72,281,0
11671,58,Female,1,27,5.81,3,42.01,90,202.53,14,0
11672,48,Male,1,11,18.01,18,45.32,86,134.5,320,0
11673,32,Male,1,109,13.49,18,23.86,25,36.04,56,0
11674,58,Male,1,105,13.61,20,56.17,64,264.01,212,1
11675,56,Female,2,107,24.27,7,43.21,77,130.76,362,0
11676,70,Male,1,62,13.1,7,60.57,54,321.05,41,0
11677,25,Male,1,107,6.59,6,46.37,44,254.8,339,0
11678,40,Female,1,57,11.02,11,25.54,28,133.43,111,0
11679,66,Female,1,9,7.9,14,47.65,49,388.66,271,0
11680,45,Male,3,24,10.22,4,50.72,29,205.32,313,0
11681,67,Female,3,32,10.19,15,33.06,36,198.83,84,0
11682,18,Female,1,45,9.45,7,20.09,22,157.13,127,0
11683,19,Male,3,113,6.23,15,42.45,45,650.64,315,0
11684,60,Female,2,40,18.17,9,26.49,75,100.33,37,1
11685,36,Male,3,74,13.0,24,57.25,45,136.06,39,0
11686,45,Female,2,32,10.9,9,35.1,17,66.66,110,0
11687,40,Male,1,77,14.83,22,66.01,96,308.47,220,0
11688,39,Female,2,68,13.68,6,10.2,51,111.13,295,0
11689,67,Male,3,18,12.9,4,42.95,70,121.29,205,0
11690,22,Male,2,55,14.54,6,61.73,62,116.93,180,0
11691,58,Female,2,12,12.34,12,28.09,60,183.77,318,0
11692,65,Male,1,107,14.48,23,38.69,52,65.97,62,0
11693,52,Female,2,85,14.81,6,35.16,90,30.42,330,0
11694,38,Female,3,113,12.45,20,31.09,102,250.08,114,1
11695,26,Female,2,105,10.92,18,44.55,108,33.66,101,0
11696,54,Male,2,26,17.92,10,22.22,53,340.7,349,1
11697,42,Female,2,85,9.89,10,39.39,40,590.19,236,0
11698,25,Male,2,12,13.37,24,48.48,9,153.96,158,0
11699,37,Male,2,116,13.46,19,37.88,53,482.22,120,0
11700,68,Female,3,95,9.36,7,26.5,119,171.72,161,0
11701,32,Female,3,82,8.57,23,55.94,31,609.23,289,0
11702,27,Female,2,120,10.38,11,51.59,101,122.6,56,0
11703,54,Male,2,102,9.83,3,25.9,90,27.67,63,0
11704,28,Female,2,104,5.97,21,22.24,79,164.43,111,0
11705,66,Female,1,12,9.19,22,27.2,67,663.15,176,0
11706,63,Male,1,2,12.86,12,48.91,90,265.62,298,0
11707,70,Female,1,116,16.86,18,45.0,11,117.08,77,0
11708,66,Male,2,30,14.02,7,52.46,15,226.18,287,0
11709,30,Male,1,51,1.4,22,36.27,23,373.26,332,0
11710,29,Female,2,5,14.37,10,27.59,91,163.7,159,1
11711,36,Female,3,75,9.57,8,54.32,51,1357.46,351,1
11712,42,Male,1,99,13.61,14,32.97,24,116.89,327,0
11713,64,Male,2,101,11.74,8,43.7,5,382.51,291,0
11714,56,Male,3,70,11.03,16,18.53,58,317.06,139,1
11715,52,Female,2,80,11.39,19,32.74,47,101.38,110,0
11716,64,Male,1,62,11.71,11,55.64,21,125.68,316,0
11717,52,Male,2,53,17.18,20,30.61,2,387.19,161,0
11718,38,Female,2,67,11.72,12,52.81,90,195.92,11,0
11719,39,Male,2,113,16.14,25,7.2,93,227.8,262,1
11720,45,Female,1,30,15.56,8,32.89,29,48.85,127,0
11721,22,Male,2,56,14.47,18,38.52,59,291.92,342,0
11722,57,Female,2,72,4.65,14,66.27,30,218.96,312,0
11723,52,Male,1,68,16.27,24,24.05,49,166.49,38,0
11724,56,Male,2,3,9.97,7,50.73,13,231.89,329,0
11725,46,Male,1,34,14.66,6,56.33,113,127.18,347,0
11726,59,Female,2,78,7.91,22,30.54,86,110.29,276,1
11727,68,Female,3,83,7.06,23,35.58,108,144.91,100,1
11728,48,Male,1,88,19.71,19,43.05,35,121.84,245,0
11729,41,Male,2,119,7.97,13,19.52,104,958.72,317,1
11730,23,Female,2,81,16.38,11,34.4,62,356.4,298,0
11731,59,Male,1,70,12.27,17,59.5,23,82.22,157,0
11732,65,Male,3,40,10.12,19,48.58,39,856.71,258,0
11733,55,Female,2,44,11.62,8,38.73,97,124.86,141,0
11734,63,Male,1,99,6.6,2,42.64,92,179.07,93,0
11735,63,Male,3,56,11.74,3,49.42,86,352.4,246,0
11736,60,Male,3,86,7.47,10,52.2,27,37.64,170,0
11737,44,Male,2,15,10.22,18,32.93,77,145.46,82,0
11738,23,Female,1,15,15.5,12,63.25,112,111.9,241,0
11739,18,Female,1,26,12.82,16,60.09,5,205.36,117,0
11740,28,Female,2,23,5.87,13,50.82,38,233.56,215,0
11741,40,Male,1,73,15.21,8,28.78,9,164.77,132,0
11742,57,Female,1,77,11.77,19,26.21,12,158.91,323,0
11743,42,Male,3,67,9.63,19,36.26,119,401.65,311,0
11744,19,Female,1,35,14.79,25,41.88,28,221.39,173,0
11745,29,Male,1,69,11.13,21,15.36,21,180.75,260,0
11746,69,Female,1,14,7.14,11,48.17,8,196.39,65,0
11747,70,Male,2,57,19.19,18,59.67,117,732.73,365,1
11748,37,Male,2,18,11.73,10,49.36,56,200.23,78,0
11749,60,Male,3,9,11.47,22,31.2,94,117.16,317,0
11750,56,Male,1,20,10.18,16,29.48,30,39.48,309,0
11751,67,Male,1,13,16.52,22,45.35,76,57.19,65,0
11752,65,Female,2,57,9.7,8,38.78,106,121.57,3,1
11753,51,Female,2,66,5.62,2,47.42,80,160.81,269,0
11754,38,Male,2,73,9.09,5,49.72,62,113.45,318,0
11755,51,Female,3,53,17.11,14,56.83,25,230.14,262,0
11756,34,Female,2,21,15.13,25,24.58,28,112.32,20,0
11757,36,Female,2,2,10.78,17,44.21,71,85.75,236,0
11758,50,Female,3,86,17.29,21,35.73,54,282.21,143,1
11759,48,Female,1,118,14.79,13,39.57,5,509.24,335,1
11760,48,Female,3,34,10.73,25,53.53,23,73.79,292,0
11761,38,Female,2,24,11.14,24,55.11,51,211.64,292,0
11762,39,Female,2,37,13.12,7,61.28,21,39.6,149,0
11763,18,Male,3,25,8.47,22,47.17,66,55.4,117,0
11764,49,Male,2,27,11.82,2,39.4,36,110.56,300,0
11765,48,Male,2,59,13.03,16,37.33,34,424.12,42,0
11766,67,Female,1,95,5.05,12,15.85,12,95.33,36,1
11767,44,Male,2,86,11.04,9,60.43,60,92.59,22,0
11768,42,Female,2,116,10.59,24,36.33,22,180.0,187,0
11769,21,Female,1,43,15.91,17,48.34,75,180.14,27,0
11770,28,Female,2,59,4.42,5,50.85,112,94.86,213,0
11771,35,Male,2,46,10.27,5,22.94,109,823.89,61,1
11772,37,Female,2,5,9.87,4,27.61,80,142.28,326,0
11773,37,Female,1,47,15.64,9,63.43,96,191.21,158,0
11774,38,Male,2,31,11.63,3,45.21,110,127.92,34,0
11775,58,Female,1,57,18.98,8,32.58,81,246.65,253,0
11776,24,Male,1,19,14.45,20,39.17,30,458.54,123,1
11777,35,Female,2,89,10.16,22,56.75,60,640.62,95,1
11778,26,Male,1,101,12.76,20,54.55,102,96.57,241,0
11779,34,Male,1,116,10.38,13,19.74,80,412.98,349,0
11780,54,Male,2,10,15.24,18,64.7,43,268.68,358,0
11781,20,Male,1,14,6.47,24,55.01,20,374.25,159,0
11782,35,Male,3,116,8.51,3,38.79,17,162.9,310,0
11783,19,Female,3,102,13.62,23,23.72,45,151.24,76,0
11784,68,Male,2,71,16.7,19,56.28,96,363.09,309,0
11785,56,Male,3,38,2.99,11,47.91,66,368.5,344,0
11786,30,Female,3,62,17.3,12,19.86,7,593.51,189,0
11787,28,Female,1,64,11.24,12,37.63,110,204.31,191,0
11788,23,Female,3,102,4.26,5,86.33,48,161.0,206,0
11789,43,Female,1,64,0.5,7,41.24,46,25.69,26,0
11790,57,Male,2,3,5.68,9,30.24,98,49.8,314,0
11791,48,Female,2,84,11.72,2,26.38,45,128.67,269,0
11792,64,Male,1,94,11.54,14,66.7,74,74.14,318,0
11793,36,Female,1,36,14.33,13,53.29,110,330.24,42,0
11794,32,Female,3,14,9.6,9,61.41,62,62.99,293,0
11795,43,Female,1,17,7.37,6,44.6,73,118.36,132,0
11796,28,Female,1,101,10.15,25,59.18,42,122.05,299,0
11797,69,Female,1,54,11.93,18,28.7,106,447.86,363,0
11798,27,Male,2,64,12.72,13,43.36,9,108.89,321,0
11799,43,Female,3,116,8.64,19,45.16,33,249.05,335,0
11800,45,Female,3,7,15.41,10,61.05,118,203.86,41,0
11801,21,Female,2,24,9.31,7,45.62,58,354.02,120,0
11802,42,Male,1,100,8.32,18,31.93,20,339.66,107,0
11803,42,Male,1,65,9.63,20,41.93,49,170.49,188,0
11804,31,Female,2,3,16.1,17,16.69,30,46.6,357,0
11805,24,Male,3,85,11.27,15,7.35,63,146.06,251,0
11806,20,Male,2,16,9.02,2,53.05,28,172.3,199,0
11807,18,Male,2,94,15.5,17,35.57,47,218.74,294,0
11808,43,Female,2,96,20.37,16,37.21,108,98.44,64,1
11809,22,Male,2,99,12.64,11,53.05,9,426.11,241,0
11810,68,Male,2,56,16.74,7,61.26,91,176.87,184,0
11811,30,Male,2,32,15.94,25,48.75,9,85.35,74,0
11812,52,Female,2,106,9.38,11,68.96,54,122.41,236,0
11813,53,Female,2,67,11.91,8,48.29,80,787.65,307,1
11814,44,Male,3,76,6.67,18,45.38,114,293.83,303,0
11815,64,Male,2,16,10.98,13,44.49,30,396.46,308,0
11816,23,Female,1,75,9.3,15,22.36,6,77.66,297,0
11817,30,Male,1,70,10.19,17,54.86,90,102.26,171,0
11818,31,Female,2,35,8.8,10,5.54,107,102.85,18,1
11819,25,Male,2,92,10.65,5,32.5,67,202.07,353,0
11820,33,Female,2,16,13.93,6,41.33,7,152.79,165,0
11821,34,Male,2,87,11.32,24,29.55,60,119.46,231,0
11822,58,Female,1,116,4.34,14,34.45,46,131.74,7,0
11823,33,Male,2,68,8.82,12,67.67,54,94.2,325,0
11824,64,Female,2,12,5.72,9,57.01,6,152.1,325,0
11825,58,Female,2,66,12.78,19,31.06,38,417.0,339,0
11826,65,Female,2,64,13.81,23,34.19,119,53.76,63,0
11827,23,Male,1,66,12.83,20,22.48,5,229.3,308,0
11828,70,Male,2,32,8.65,14,51.22,109,513.5,228,1
11829,50,Female,3,75,12.79,13,37.38,62,151.7,53,0
11830,70,Female,3,31,9.92,22,12.49,70,115.85,208,0
11831,36,Male,2,67,7.25,22,42.46,112,359.85,174,0
11832,68,Male,1,71,14.77,11,47.37,26,81.21,228,0
11833,49,Male,2,78,15.07,25,54.97,118,171.93,30,1
11834,21,Female,3,96,15.6,21,39.94,33,77.77,206,0
11835,39,Female,2,106,9.37,22,35.6,41,40.7,247,0
11836,25,Female,3,94,16.52,3,69.8,53,155.44,261,0
11837,67,Female,1,96,9.83,5,41.1,72,65.32,281,0
11838,34,Male,1,105,14.41,9,51.43,38,173.41,229,0
11839,29,Male,1,29,9.76,20,33.18,95,417.59,256,0
11840,47,Male,1,35,10.9,3,51.0,2,743.3,33,0
11841,40,Female,3,64,2.12,3,19.89,79,188.24,292,0
11842,23,Male,2,56,10.59,2,34.3,78,387.52,134,0
11843,61,Male,1,84,12.16,6,23.48,64,238.88,200,0
11844,62,Male,2,1,10.16,24,32.23,73,129.8,200,0
11845,57,Male,2,16,18.82,19,59.13,89,39.0,357,0
11846,50,Female,1,90,7.15,19,32.12,108,622.32,119,1
11847,39,Male,1,99,9.55,9,51.41,26,77.21,140,0
11848,46,Male,2,36,8.18,17,63.0,57,514.58,278,0
11849,45,Female,1,37,9.54,20,40.6,67,266.0,232,0
11850,26,Male,3,67,15.93,14,55.41,41,81.74,116,0
11851,22,Male,1,57,17.71,22,48.7,116,223.22,126,1
11852,31,Male,2,20,9.0,15,42.69,61,923.76,303,0
11853,42,Female,3,60,8.91,9,51.88,71,579.75,305,0
11854,26,Male,1,99,7.17,17,67.68,23,117.32,53,0
11855,23,Female,1,88,17.03,24,31.76,49,100.43,146,0
11856,63,Female,3,98,16.28,21,27.09,75,189.23,281,0
11857,37,Female,2,77,11.38,13,26.24,51,153.8,43,1
11858,48,Male,2,106,6.22,16,55.42,92,446.12,67,1
11859,45,Female,1,30,6.57,25,57.38,16,311.58,58,0
11860,56,Male,1,5,12.48,19,33.21,18,46.75,193,0
11861,57,Male,2,13,14.0,14,10.03,40,250.27,165,0
11862,33,Female,3,120,3.54,8,31.22,38,152.18,117,0
11863,62,Male,1,77,10.51,23,48.94,97,180.14,49,0
11864,37,Male,3,29,18.27,25,40.03,104,212.5,233,1
11865,62,Male,2,103,10.93,3,43.62,56,445.77,295,0
11866,39,Male,1,37,17.76,2,33.41,60,375.2,77,1
11867,23,Male,1,72,14.4,4,55.7,35,97.51,243,0
11868,58,Female,1,30,7.46,11,45.98,63,167.18,291,0
11869,19,Female,2,11,10.63,5,49.5,84,123.34,203,0
11870,58,Male,2,32,11.29,23,43.31,86,47.13,209,0
11871,20,Female,2,27,7.99,23,48.6,116,160.69,61,0
11872,28,Male,1,66,7.92,6,47.65,69,737.82,350,0
11873,49,Male,2,2,17.83,21,27.54,40,46.03,350,0
11874,67,Male,2,29,7.89,5,46.41,8,171.75,260,0
11875,39,Male,2,68,16.11,20,52.48,82,167.5,330,0
11876,24,Male,2,47,10.05,10,57.75,96,219.03,222,0
11877,30,Male,1,76,11.7,2,47.03,66,82.59,242,0
11878,65,Male,2,79,14.05,12,27.0,110,57.58,303,0
11879,56,Female,2,116,9.41,21,29.24,38,59.71,13,0
11880,23,Male,2,101,14.07,24,34.69,6,494.19,80,0
11881,38,Male,1,27,3.61,4,43.75,75,81.31,74,0
11882,32,Male,2,83,13.56,22,39.23,14,118.53,231,0
11883,27,Female,2,75,1.93,9,24.71,10,903.61,88,1
11884,62,Male,2,71,10.89,13,24.62,84,98.7,142,1
11885,50,Female,3,96,15.22,4,10.57,52,228.57,180,0
11886,27,Male,3,17,14.29,25,3.0,72,401.24,272,1
11887,52,Male,1,45,6.61,20,39.09,89,386.47,189,0
11888,39,Female,2,98,7.12,17,74.64,45,61.94,8,0
11889,21,Male,2,107,9.05,19,67.05,73,100.32,251,0
11890,41,Male,3,4,12.54,22,26.82,64,221.55,156,0
11891,27,Male,1,57,3.67,5,43.17,69,787.94,41,1
11892,30,Female,1,31,11.75,7,19.76,84,96.62,238,0
11893,64,Female,2,20,13.05,2,21.97,45,119.08,98,0
11894,55,Female,1,6,10.67,13,23.64,60,242.76,168,1
11895,25,Female,2,65,13.9,13,37.73,70,283.76,354,0
11896,63,Male,2,80,12.69,2,38.35,16,297.49,87,0
11897,48,Female,1,64,9.63,17,44.66,25,90.43,324,0
11898,64,Male,2,44,4.06,2,50.62,10,115.56,169,0
11899,57,Female,3,93,12.33,21,36.12,23,207.03,341,0
11900,35,Male,3,78,7.99,18,41.52,52,468.43,311,0
11901,46,Male,2,109,9.49,21,25.14,112,145.3,304,1
11902,46,Female,1,41,13.72,4,21.5,110,171.98,75,0
11903,56,Male,1,28,17.47,22,19.26,91,78.61,289,0
11904,31,Female,3,55,11.65,15,50.41,66,748.52,134,0
11905,35,Male,2,61,14.02,22,36.1,24,197.38,333,0
11906,30,Female,2,55,6.02,18,13.87,42,405.63,362,0
11907,33,Female,3,100,12.78,17,40.09,91,179.13,223,0
11908,26,Male,1,5,11.56,2,22.89,109,187.03,334,0
11909,19,Female,2,63,16.72,18,65.08,115,54.3,195,0
11910,67,Female,1,52,9.64,12,32.61,46,32.69,12,0
11911,21,Female,1,25,10.83,22,50.88,58,464.64,319,0
11912,65,Male,2,77,16.04,18,56.79,61,185.99,194,0
11913,18,Female,2,96,11.43,3,27.15,6,205.57,16,0
11914,59,Female,3,66,7.36,23,42.1,13,66.06,23,0
11915,35,Male,2,10,22.01,3,49.03,5,86.52,264,0
11916,45,Male,3,9,7.49,9,42.68,88,400.77,338,0
11917,32,Male,3,51,11.54,7,46.24,26,680.0,255,0
11918,44,Female,2,80,13.19,25,21.72,84,107.79,161,0
11919,41,Male,3,37,12.87,5,49.03,45,295.46,112,0
11920,46,Female,2,37,11.04,22,33.95,95,202.96,153,1
11921,38,Female,2,104,11.06,7,46.07,13,159.3,118,0
11922,46,Male,1,1,10.86,17,54.34,39,741.97,99,1
11923,61,Male,1,9,7.34,4,50.7,24,122.89,46,0
11924,41,Female,3,18,20.4,11,46.06,52,460.61,208,1
11925,37,Male,2,119,10.92,16,50.31,67,235.64,79,0
11926,24,Female,2,60,14.19,19,50.98,20,172.71,53,0
11927,37,Female,1,19,10.46,22,62.68,80,510.28,100,1
11928,24,Female,2,37,10.38,21,40.51,115,219.44,292,0
11929,27,Male,2,117,9.98,14,43.38,5,162.32,209,0
11930,68,Female,1,84,5.6,9,54.51,10,513.24,179,0
11931,22,Female,3,27,11.16,8,33.89,114,463.69,216,1
11932,43,Male,2,29,10.17,25,21.64,77,446.89,207,1
11933,62,Female,3,9,16.49,16,48.15,110,8.43,182,0
11934,68,Female,1,93,7.01,23,38.01,84,246.69,307,0
11935,25,Female,2,16,9.49,12,23.49,86,206.49,267,0
11936,26,Male,1,34,8.21,13,48.26,18,170.31,67,0
11937,37,Male,2,42,17.57,21,61.75,61,281.58,299,0
11938,47,Male,2,75,8.32,19,17.37,43,214.44,64,0
11939,68,Male,2,73,14.05,6,55.82,100,296.92,28,1
11940,29,Male,1,96,15.68,14,4.21,5,141.99,154,0
11941,26,Female,3,35,11.22,7,35.2,2,563.05,143,0
11942,31,Male,1,46,6.29,20,67.69,66,321.3,287,0
11943,64,Female,2,47,6.34,2,36.24,116,267.19,254,0
11944,19,Male,3,5,15.24,21,42.3,119,257.21,21,1
11945,38,Male,2,89,6.76,24,52.06,71,431.59,182,1
11946,24,Male,3,64,13.37,2,16.11,51,388.27,291,1
11947,26,Male,2,57,12.26,17,42.05,32,160.26,268,0
11948,66,Female,3,120,13.31,3,41.93,118,378.88,183,1
11949,18,Female,2,21,13.69,10,68.0,21,200.45,225,0
11950,35,Female,2,117,8.07,10,23.08,15,780.54,205,0
11951,66,Male,1,82,7.9,14,35.47,61,412.0,84,1
11952,50,Female,3,26,14.66,24,27.54,47,107.43,206,0
11953,21,Male,1,82,9.28,13,26.0,59,1077.87,247,1
11954,42,Female,3,91,0.8,11,57.35,108,33.96,20,0
11955,69,Male,1,43,14.4,4,41.39,32,287.7,254,0
11956,39,Male,1,41,7.65,23,32.94,105,101.67,91,0
11957,46,Male,3,101,13.67,9,33.49,25,759.67,2,1
11958,46,Male,1,19,17.37,13,32.83,38,213.15,276,0
11959,53,Male,2,1,11.87,4,34.13,0,94.22,142,0
11960,27,Female,2,80,15.78,8,22.67,81,142.16,150,1
11961,62,Female,1,109,12.42,15,37.25,103,100.28,228,0
11962,70,Female,1,60,18.15,23,35.79,106,137.87,205,1
11963,25,Male,2,16,7.55,9,30.01,20,135.43,227,0
11964,61,Female,1,65,11.77,15,43.25,92,97.41,345,0
11965,61,Male,1,30,14.49,23,44.48,16,216.03,238,0
11966,57,Female,1,100,11.04,10,32.93,75,237.45,16,0
11967,37,Male,2,74,16.41,9,38.91,84,80.45,81,0
11968,42,Male,1,40,10.07,3,72.3,18,48.01,164,0
11969,62,Female,1,75,20.08,23,71.75,13,223.04,172,0
11970,26,Male,2,80,20.29,4,25.72,8,264.99,132,0
11971,61,Male,2,82,12.93,7,27.74,85,309.31,67,0
11972,66,Female,1,44,14.01,5,25.64,73,269.0,38,0
11973,54,Male,1,69,16.57,18,56.33,14,596.75,53,1
11974,36,Female,3,5,7.05,10,35.22,60,380.89,347,0
11975,47,Male,2,48,6.55,18,44.48,95,1415.24,144,1
11976,20,Female,2,45,16.83,16,69.96,28,1965.09,351,1
11977,67,Female,2,64,12.9,2,40.85,72,44.41,122,0
11978,36,Female,1,114,10.89,9,51.24,35,31.53,114,0
11979,21,Female,3,115,11.84,2,48.55,31,173.99,179,0
11980,60,Female,3,58,2.26,3,32.47,47,259.33,346,0
11981,52,Female,3,78,11.04,13,56.36,42,164.94,206,0
11982,51,Male,1,13,8.79,8,28.68,59,302.95,12,0
11983,20,Male,1,58,15.47,4,60.43,24,141.74,99,0
11984,57,Female,1,83,15.78,11,32.48,46,101.85,359,0
11985,51,Male,1,82,14.11,12,34.07,74,114.59,56,0
11986,60,Male,2,116,13.38,25,25.22,46,149.7,305,0
11987,61,Male,2,56,5.81,17,27.6,78,337.89,339,0
11988,29,Female,1,109,14.16,11,34.81,13,119.72,78,0
11989,29,Male,3,118,14.32,13,5.75,16,139.69,204,0
11990,66,Female,1,69,16.78,4,37.62,103,273.02,219,1
11991,46,Female,1,11,20.27,11,33.63,55,149.86,290,0
11992,41,Female,3,45,5.03,15,52.46,73,418.14,292,0
11993,33,Male,2,92,10.25,2,47.13,88,85.42,21,0
11994,51,Female,2,70,8.83,24,30.74,17,72.13,116,0
11995,57,Female,2,113,12.49,14,34.35,116,221.94,344,0
11996,18,Male,1,98,11.85,20,37.6,50,239.88,129,0
11997,47,Female,1,7,10.86,8,62.55,106,89.13,90,0
11998,70,Male,2,104,15.91,22,29.08,50,499.09,230,1
11999,32,Female,2,43,7.39,10,30.56,48,785.43,71,1
12000,32,Male,2,99,7.64,24,24.64,72,107.24,53,0
